{"train/acc":0.7251656078876969,"goal_validation/acc":0.1797193921942025,"train/loss":0.7092211246490479,"goal_validation/success":0.09765625,"_timestamp":1.7598233293773592e+09,"train/success":0.974365234375,"_step":1000,"epoch":1000,"pos_validation/success":0.083984375,"_wandb":{"runtime":68341},"_runtime":68341.911120155,"pos_validation/acc":0.10221017293015783}