[I 2026-02-10 15:01:01.071 ServerApp] jupyter_lsp | extension was successfully linked.
[I 2026-02-10 15:01:01.075 ServerApp] jupyter_server_terminals | extension was successfully linked.
[W 2026-02-10 15:01:01.077 LabApp] 'allow_origin' has moved from NotebookApp to ServerApp. This config will be passed to ServerApp. Be sure to update your config before our next release.
[W 2026-02-10 15:01:01.077 LabApp] 'port_retries' has moved from NotebookApp to ServerApp. This config will be passed to ServerApp. Be sure to update your config before our next release.
[I 2026-02-10 15:01:01.080 ServerApp] jupyterlab | extension was successfully linked.
[I 2026-02-10 15:01:01.382 ServerApp] notebook_shim | extension was successfully linked.
[I 2026-02-10 15:01:01.383 ServerApp] panel.io.jupyter_server_extension | extension was successfully linked.
[I 2026-02-10 15:01:01.407 ServerApp] notebook_shim | extension was successfully loaded.
[I 2026-02-10 15:01:01.408 ServerApp] jupyter_lsp | extension was successfully loaded.
[I 2026-02-10 15:01:01.409 ServerApp] jupyter_server_terminals | extension was successfully loaded.
[I 2026-02-10 15:01:01.413 LabApp] JupyterLab extension loaded from /orcd/software/core/001/pkg/miniforge/24.3.0-0/lib/python3.10/site-packages/jupyterlab
[I 2026-02-10 15:01:01.413 LabApp] JupyterLab application directory is /orcd/software/core/001/pkg/miniforge/24.3.0-0/share/jupyter/lab
[I 2026-02-10 15:01:01.414 LabApp] Extension Manager is 'pypi'.
[I 2026-02-10 15:01:01.455 ServerApp] jupyterlab | extension was successfully loaded.
[I 2026-02-10 15:01:01.456 ServerApp] panel.io.jupyter_server_extension | extension was successfully loaded.
[I 2026-02-10 15:01:01.456 ServerApp] Serving notebooks from local directory: /orcd/home/002/jackking/cls
[I 2026-02-10 15:01:01.456 ServerApp] Jupyter Server 2.15.0 is running at:
[I 2026-02-10 15:01:01.456 ServerApp] http://node3905:8091/lab?token=09411a4b8fd6ac339afd6168c3c82f8e565b9ab67453264c
[I 2026-02-10 15:01:01.456 ServerApp]     http://127.0.0.1:8091/lab?token=09411a4b8fd6ac339afd6168c3c82f8e565b9ab67453264c
[I 2026-02-10 15:01:01.456 ServerApp] Use Control-C to stop this server and shut down all kernels (twice to skip confirmation).
[C 2026-02-10 15:01:01.462 ServerApp] 
    
    To access the server, open this file in a browser:
        file:///orcd/home/002/jackking/.local/share/jupyter/runtime/jpserver-1393068-open.html
    Or copy and paste one of these URLs:
        http://node3905:8091/lab?token=09411a4b8fd6ac339afd6168c3c82f8e565b9ab67453264c
        http://127.0.0.1:8091/lab?token=09411a4b8fd6ac339afd6168c3c82f8e565b9ab67453264c
[I 2026-02-10 15:01:01.485 ServerApp] Skipped non-installed server(s): bash-language-server, dockerfile-language-server-nodejs, javascript-typescript-langserver, jedi-language-server, julia-language-server, pyright, python-language-server, python-lsp-server, r-languageserver, sql-language-server, texlab, typescript-language-server, unified-language-server, vscode-css-languageserver-bin, vscode-html-languageserver-bin, vscode-json-languageserver-bin, yaml-language-server
[I 2026-02-10 15:01:58.408 ServerApp] 302 GET / (@10.1.38.7) 0.41ms
[I 2026-02-10 15:01:58.412 LabApp] 302 GET /lab? (@10.1.38.7) 0.39ms
[I 2026-02-10 15:01:59.044 ServerApp] 302 GET / (@10.1.38.7) 0.22ms
[I 2026-02-10 15:01:59.049 LabApp] 302 GET /lab? (@10.1.38.7) 0.32ms
[I 2026-02-10 15:01:59.574 ServerApp] 302 GET / (@10.1.38.7) 0.22ms
[I 2026-02-10 15:01:59.576 LabApp] 302 GET /lab? (@10.1.38.7) 0.28ms
[I 2026-02-10 15:01:59.622 ServerApp] Kernel started: 0e0154e6-652f-4e44-bcee-781ac1b6fbc5
[I 2026-02-10 15:02:00.155 ServerApp] Connecting to kernel 0e0154e6-652f-4e44-bcee-781ac1b6fbc5.
[I 2026-02-10 15:02:00.281 ServerApp] 302 GET / (@10.1.38.7) 0.26ms
[I 2026-02-10 15:02:00.281 ServerApp] 302 GET / (@10.1.38.7) 0.28ms
[I 2026-02-10 15:02:00.343 LabApp] 302 GET /lab? (@10.1.38.7) 0.39ms
[I 2026-02-10 15:02:00.344 LabApp] 302 GET /lab? (@10.1.38.7) 0.31ms
[W 2026-02-10 15:02:00.434 ServerApp] wrote error: 'Forbidden'
    Traceback (most recent call last):
      File "/orcd/software/core/001/pkg/miniforge/24.3.0-0/lib/python3.10/site-packages/tornado/web.py", line 1788, in _execute
        result = method(*self.path_args, **self.path_kwargs)
      File "/orcd/software/core/001/pkg/miniforge/24.3.0-0/lib/python3.10/site-packages/tornado/web.py", line 3289, in wrapper
        url = self.get_login_url()
      File "/orcd/software/core/001/pkg/miniforge/24.3.0-0/lib/python3.10/site-packages/jupyter_server/base/handlers.py", line 784, in get_login_url
        raise web.HTTPError(403)
    tornado.web.HTTPError: HTTP 403: Forbidden
[W 2026-02-10 15:02:00.436 ServerApp] 403 GET /api/kernelspecs?1770753720432 (@10.1.38.7) 2.42ms referer=None
[W 2026-02-10 15:02:00.436 ServerApp] wrote error: 'Forbidden'
    Traceback (most recent call last):
      File "/orcd/software/core/001/pkg/miniforge/24.3.0-0/lib/python3.10/site-packages/tornado/web.py", line 1788, in _execute
        result = method(*self.path_args, **self.path_kwargs)
      File "/orcd/software/core/001/pkg/miniforge/24.3.0-0/lib/python3.10/site-packages/tornado/web.py", line 3289, in wrapper
        url = self.get_login_url()
      File "/orcd/software/core/001/pkg/miniforge/24.3.0-0/lib/python3.10/site-packages/jupyter_server/base/handlers.py", line 784, in get_login_url
        raise web.HTTPError(403)
    tornado.web.HTTPError: HTTP 403: Forbidden
[W 2026-02-10 15:02:00.437 ServerApp] 403 GET /api/kernelspecs?1770753720434 (@10.1.38.7) 0.45ms referer=None
[W 2026-02-10 15:02:00.513 ServerApp] wrote error: 'Forbidden'
    Traceback (most recent call last):
      File "/orcd/software/core/001/pkg/miniforge/24.3.0-0/lib/python3.10/site-packages/tornado/web.py", line 1788, in _execute
        result = method(*self.path_args, **self.path_kwargs)
      File "/orcd/software/core/001/pkg/miniforge/24.3.0-0/lib/python3.10/site-packages/tornado/web.py", line 3289, in wrapper
        url = self.get_login_url()
      File "/orcd/software/core/001/pkg/miniforge/24.3.0-0/lib/python3.10/site-packages/jupyter_server/base/handlers.py", line 784, in get_login_url
        raise web.HTTPError(403)
    tornado.web.HTTPError: HTTP 403: Forbidden
[W 2026-02-10 15:02:00.514 ServerApp] 403 GET /api/kernels?1770753720434 (@10.1.38.7) 0.83ms referer=None
[W 2026-02-10 15:02:00.514 ServerApp] wrote error: 'Forbidden'
    Traceback (most recent call last):
      File "/orcd/software/core/001/pkg/miniforge/24.3.0-0/lib/python3.10/site-packages/tornado/web.py", line 1788, in _execute
        result = method(*self.path_args, **self.path_kwargs)
      File "/orcd/software/core/001/pkg/miniforge/24.3.0-0/lib/python3.10/site-packages/tornado/web.py", line 3289, in wrapper
        url = self.get_login_url()
      File "/orcd/software/core/001/pkg/miniforge/24.3.0-0/lib/python3.10/site-packages/jupyter_server/base/handlers.py", line 784, in get_login_url
        raise web.HTTPError(403)
    tornado.web.HTTPError: HTTP 403: Forbidden
[W 2026-02-10 15:02:00.515 ServerApp] 403 GET /api/kernels?1770753720432 (@10.1.38.7) 0.79ms referer=None
[W 2026-02-10 15:02:00.515 ServerApp] wrote error: 'Forbidden'
    Traceback (most recent call last):
      File "/orcd/software/core/001/pkg/miniforge/24.3.0-0/lib/python3.10/site-packages/tornado/web.py", line 1788, in _execute
        result = method(*self.path_args, **self.path_kwargs)
      File "/orcd/software/core/001/pkg/miniforge/24.3.0-0/lib/python3.10/site-packages/tornado/web.py", line 3289, in wrapper
        url = self.get_login_url()
      File "/orcd/software/core/001/pkg/miniforge/24.3.0-0/lib/python3.10/site-packages/jupyter_server/base/handlers.py", line 784, in get_login_url
        raise web.HTTPError(403)
    tornado.web.HTTPError: HTTP 403: Forbidden
[W 2026-02-10 15:02:00.515 ServerApp] 403 GET /api/kernels?1770753720439 (@10.1.38.7) 1.14ms referer=None
[W 2026-02-10 15:02:00.516 ServerApp] wrote error: 'Forbidden'
    Traceback (most recent call last):
      File "/orcd/software/core/001/pkg/miniforge/24.3.0-0/lib/python3.10/site-packages/tornado/web.py", line 1788, in _execute
        result = method(*self.path_args, **self.path_kwargs)
      File "/orcd/software/core/001/pkg/miniforge/24.3.0-0/lib/python3.10/site-packages/tornado/web.py", line 3289, in wrapper
        url = self.get_login_url()
      File "/orcd/software/core/001/pkg/miniforge/24.3.0-0/lib/python3.10/site-packages/jupyter_server/base/handlers.py", line 784, in get_login_url
        raise web.HTTPError(403)
    tornado.web.HTTPError: HTTP 403: Forbidden
[W 2026-02-10 15:02:00.516 ServerApp] 403 GET /api/sessions?1770753720440 (@10.1.38.7) 0.90ms referer=None
[W 2026-02-10 15:02:00.516 ServerApp] wrote error: 'Forbidden'
    Traceback (most recent call last):
      File "/orcd/software/core/001/pkg/miniforge/24.3.0-0/lib/python3.10/site-packages/tornado/web.py", line 1788, in _execute
        result = method(*self.path_args, **self.path_kwargs)
      File "/orcd/software/core/001/pkg/miniforge/24.3.0-0/lib/python3.10/site-packages/tornado/web.py", line 3289, in wrapper
        url = self.get_login_url()
      File "/orcd/software/core/001/pkg/miniforge/24.3.0-0/lib/python3.10/site-packages/jupyter_server/base/handlers.py", line 784, in get_login_url
        raise web.HTTPError(403)
    tornado.web.HTTPError: HTTP 403: Forbidden
[W 2026-02-10 15:02:00.517 ServerApp] 403 GET /api/kernels?1770753720443 (@10.1.38.7) 1.24ms referer=None
[W 2026-02-10 15:02:00.517 ServerApp] wrote error: 'Forbidden'
    Traceback (most recent call last):
      File "/orcd/software/core/001/pkg/miniforge/24.3.0-0/lib/python3.10/site-packages/tornado/web.py", line 1788, in _execute
        result = method(*self.path_args, **self.path_kwargs)
      File "/orcd/software/core/001/pkg/miniforge/24.3.0-0/lib/python3.10/site-packages/tornado/web.py", line 3289, in wrapper
        url = self.get_login_url()
      File "/orcd/software/core/001/pkg/miniforge/24.3.0-0/lib/python3.10/site-packages/jupyter_server/base/handlers.py", line 784, in get_login_url
        raise web.HTTPError(403)
    tornado.web.HTTPError: HTTP 403: Forbidden
[W 2026-02-10 15:02:00.518 ServerApp] 403 GET /api/sessions?1770753720444 (@10.1.38.7) 0.62ms referer=None
[W 2026-02-10 15:02:00.522 ServerApp] wrote error: 'Forbidden'
    Traceback (most recent call last):
      File "/orcd/software/core/001/pkg/miniforge/24.3.0-0/lib/python3.10/site-packages/tornado/web.py", line 1788, in _execute
        result = method(*self.path_args, **self.path_kwargs)
      File "/orcd/software/core/001/pkg/miniforge/24.3.0-0/lib/python3.10/site-packages/tornado/web.py", line 3289, in wrapper
        url = self.get_login_url()
      File "/orcd/software/core/001/pkg/miniforge/24.3.0-0/lib/python3.10/site-packages/jupyter_server/base/handlers.py", line 784, in get_login_url
        raise web.HTTPError(403)
    tornado.web.HTTPError: HTTP 403: Forbidden
[W 2026-02-10 15:02:00.523 ServerApp] 403 GET /api/kernelspecs?1770753720454 (@10.1.38.7) 0.63ms referer=None
[W 2026-02-10 15:02:00.529 ServerApp] wrote error: 'Forbidden'
    Traceback (most recent call last):
      File "/orcd/software/core/001/pkg/miniforge/24.3.0-0/lib/python3.10/site-packages/tornado/web.py", line 1788, in _execute
        result = method(*self.path_args, **self.path_kwargs)
      File "/orcd/software/core/001/pkg/miniforge/24.3.0-0/lib/python3.10/site-packages/tornado/web.py", line 3289, in wrapper
        url = self.get_login_url()
      File "/orcd/software/core/001/pkg/miniforge/24.3.0-0/lib/python3.10/site-packages/jupyter_server/base/handlers.py", line 784, in get_login_url
        raise web.HTTPError(403)
    tornado.web.HTTPError: HTTP 403: Forbidden
[W 2026-02-10 15:02:00.530 ServerApp] 403 GET /api/kernelspecs?1770753720453 (@10.1.38.7) 0.61ms referer=None
[I 2026-02-10 15:02:00.533 ServerApp] 302 GET / (@10.1.38.7) 0.31ms
[I 2026-02-10 15:02:00.534 ServerApp] 302 GET / (@10.1.38.7) 0.34ms
[I 2026-02-10 15:02:00.584 LabApp] 302 GET /lab? (@10.1.38.7) 0.42ms
[I 2026-02-10 15:02:00.588 LabApp] 302 GET /lab? (@10.1.38.7) 0.34ms
[W 2026-02-10 15:02:00.592 ServerApp] wrote error: 'Forbidden'
    Traceback (most recent call last):
      File "/orcd/software/core/001/pkg/miniforge/24.3.0-0/lib/python3.10/site-packages/tornado/web.py", line 1788, in _execute
        result = method(*self.path_args, **self.path_kwargs)
      File "/orcd/software/core/001/pkg/miniforge/24.3.0-0/lib/python3.10/site-packages/tornado/web.py", line 3289, in wrapper
        url = self.get_login_url()
      File "/orcd/software/core/001/pkg/miniforge/24.3.0-0/lib/python3.10/site-packages/jupyter_server/base/handlers.py", line 784, in get_login_url
        raise web.HTTPError(403)
    tornado.web.HTTPError: HTTP 403: Forbidden
[W 2026-02-10 15:02:00.593 ServerApp] 403 GET /api/kernelspecs?1770753720590 (@10.1.38.7) 0.64ms referer=None
[W 2026-02-10 15:02:00.598 ServerApp] wrote error: 'Forbidden'
    Traceback (most recent call last):
      File "/orcd/software/core/001/pkg/miniforge/24.3.0-0/lib/python3.10/site-packages/tornado/web.py", line 1788, in _execute
        result = method(*self.path_args, **self.path_kwargs)
      File "/orcd/software/core/001/pkg/miniforge/24.3.0-0/lib/python3.10/site-packages/tornado/web.py", line 3289, in wrapper
        url = self.get_login_url()
      File "/orcd/software/core/001/pkg/miniforge/24.3.0-0/lib/python3.10/site-packages/jupyter_server/base/handlers.py", line 784, in get_login_url
        raise web.HTTPError(403)
    tornado.web.HTTPError: HTTP 403: Forbidden
[W 2026-02-10 15:02:00.598 ServerApp] 403 GET /api/kernels?1770753720591 (@10.1.38.7) 0.81ms referer=None
[W 2026-02-10 15:02:00.598 ServerApp] wrote error: 'Forbidden'
    Traceback (most recent call last):
      File "/orcd/software/core/001/pkg/miniforge/24.3.0-0/lib/python3.10/site-packages/tornado/web.py", line 1788, in _execute
        result = method(*self.path_args, **self.path_kwargs)
      File "/orcd/software/core/001/pkg/miniforge/24.3.0-0/lib/python3.10/site-packages/tornado/web.py", line 3289, in wrapper
        url = self.get_login_url()
      File "/orcd/software/core/001/pkg/miniforge/24.3.0-0/lib/python3.10/site-packages/jupyter_server/base/handlers.py", line 784, in get_login_url
        raise web.HTTPError(403)
    tornado.web.HTTPError: HTTP 403: Forbidden
[W 2026-02-10 15:02:00.599 ServerApp] 403 GET /api/kernels?1770753720592 (@10.1.38.7) 1.14ms referer=None
[W 2026-02-10 15:02:00.600 ServerApp] wrote error: 'Forbidden'
    Traceback (most recent call last):
      File "/orcd/software/core/001/pkg/miniforge/24.3.0-0/lib/python3.10/site-packages/tornado/web.py", line 1788, in _execute
        result = method(*self.path_args, **self.path_kwargs)
      File "/orcd/software/core/001/pkg/miniforge/24.3.0-0/lib/python3.10/site-packages/tornado/web.py", line 3289, in wrapper
        url = self.get_login_url()
      File "/orcd/software/core/001/pkg/miniforge/24.3.0-0/lib/python3.10/site-packages/jupyter_server/base/handlers.py", line 784, in get_login_url
        raise web.HTTPError(403)
    tornado.web.HTTPError: HTTP 403: Forbidden
[W 2026-02-10 15:02:00.600 ServerApp] 403 GET /api/sessions?1770753720593 (@10.1.38.7) 0.96ms referer=None
[W 2026-02-10 15:02:00.600 ServerApp] wrote error: 'Forbidden'
    Traceback (most recent call last):
      File "/orcd/software/core/001/pkg/miniforge/24.3.0-0/lib/python3.10/site-packages/tornado/web.py", line 1788, in _execute
        result = method(*self.path_args, **self.path_kwargs)
      File "/orcd/software/core/001/pkg/miniforge/24.3.0-0/lib/python3.10/site-packages/tornado/web.py", line 3289, in wrapper
        url = self.get_login_url()
      File "/orcd/software/core/001/pkg/miniforge/24.3.0-0/lib/python3.10/site-packages/jupyter_server/base/handlers.py", line 784, in get_login_url
        raise web.HTTPError(403)
    tornado.web.HTTPError: HTTP 403: Forbidden
[W 2026-02-10 15:02:00.601 ServerApp] 403 GET /api/kernelspecs?1770753720595 (@10.1.38.7) 1.25ms referer=None
[W 2026-02-10 15:02:00.601 ServerApp] wrote error: 'Forbidden'
    Traceback (most recent call last):
      File "/orcd/software/core/001/pkg/miniforge/24.3.0-0/lib/python3.10/site-packages/tornado/web.py", line 1788, in _execute
        result = method(*self.path_args, **self.path_kwargs)
      File "/orcd/software/core/001/pkg/miniforge/24.3.0-0/lib/python3.10/site-packages/tornado/web.py", line 3289, in wrapper
        url = self.get_login_url()
      File "/orcd/software/core/001/pkg/miniforge/24.3.0-0/lib/python3.10/site-packages/jupyter_server/base/handlers.py", line 784, in get_login_url
        raise web.HTTPError(403)
    tornado.web.HTTPError: HTTP 403: Forbidden
[W 2026-02-10 15:02:00.601 ServerApp] 403 GET /api/kernelspecs?1770753720598 (@10.1.38.7) 0.60ms referer=None
[W 2026-02-10 15:02:00.607 ServerApp] wrote error: 'Forbidden'
    Traceback (most recent call last):
      File "/orcd/software/core/001/pkg/miniforge/24.3.0-0/lib/python3.10/site-packages/tornado/web.py", line 1788, in _execute
        result = method(*self.path_args, **self.path_kwargs)
      File "/orcd/software/core/001/pkg/miniforge/24.3.0-0/lib/python3.10/site-packages/tornado/web.py", line 3289, in wrapper
        url = self.get_login_url()
      File "/orcd/software/core/001/pkg/miniforge/24.3.0-0/lib/python3.10/site-packages/jupyter_server/base/handlers.py", line 784, in get_login_url
        raise web.HTTPError(403)
    tornado.web.HTTPError: HTTP 403: Forbidden
[W 2026-02-10 15:02:00.607 ServerApp] 403 GET /api/kernels?1770753720600 (@10.1.38.7) 0.63ms referer=None
[W 2026-02-10 15:02:00.607 ServerApp] wrote error: 'Forbidden'
    Traceback (most recent call last):
      File "/orcd/software/core/001/pkg/miniforge/24.3.0-0/lib/python3.10/site-packages/tornado/web.py", line 1788, in _execute
        result = method(*self.path_args, **self.path_kwargs)
      File "/orcd/software/core/001/pkg/miniforge/24.3.0-0/lib/python3.10/site-packages/tornado/web.py", line 3289, in wrapper
        url = self.get_login_url()
      File "/orcd/software/core/001/pkg/miniforge/24.3.0-0/lib/python3.10/site-packages/jupyter_server/base/handlers.py", line 784, in get_login_url
        raise web.HTTPError(403)
    tornado.web.HTTPError: HTTP 403: Forbidden
[W 2026-02-10 15:02:00.608 ServerApp] 403 GET /api/kernels?1770753720598 (@10.1.38.7) 0.63ms referer=None
[W 2026-02-10 15:02:00.609 ServerApp] wrote error: 'Forbidden'
    Traceback (most recent call last):
      File "/orcd/software/core/001/pkg/miniforge/24.3.0-0/lib/python3.10/site-packages/tornado/web.py", line 1788, in _execute
        result = method(*self.path_args, **self.path_kwargs)
      File "/orcd/software/core/001/pkg/miniforge/24.3.0-0/lib/python3.10/site-packages/tornado/web.py", line 3289, in wrapper
        url = self.get_login_url()
      File "/orcd/software/core/001/pkg/miniforge/24.3.0-0/lib/python3.10/site-packages/jupyter_server/base/handlers.py", line 784, in get_login_url
        raise web.HTTPError(403)
    tornado.web.HTTPError: HTTP 403: Forbidden
[W 2026-02-10 15:02:00.610 ServerApp] 403 GET /api/sessions?1770753720601 (@10.1.38.7) 0.63ms referer=None
[W 2026-02-10 15:02:00.611 ServerApp] wrote error: 'Forbidden'
    Traceback (most recent call last):
      File "/orcd/software/core/001/pkg/miniforge/24.3.0-0/lib/python3.10/site-packages/tornado/web.py", line 1788, in _execute
        result = method(*self.path_args, **self.path_kwargs)
      File "/orcd/software/core/001/pkg/miniforge/24.3.0-0/lib/python3.10/site-packages/tornado/web.py", line 3289, in wrapper
        url = self.get_login_url()
      File "/orcd/software/core/001/pkg/miniforge/24.3.0-0/lib/python3.10/site-packages/jupyter_server/base/handlers.py", line 784, in get_login_url
        raise web.HTTPError(403)
    tornado.web.HTTPError: HTTP 403: Forbidden
[W 2026-02-10 15:02:00.611 ServerApp] 403 GET /api/kernelspecs?1770753720608 (@10.1.38.7) 0.62ms referer=None
[I 2026-02-10 15:11:02.602 ServerApp] Kernel interrupted: 0e0154e6-652f-4e44-bcee-781ac1b6fbc5
[I 2026-02-10 15:52:24.088 ServerApp] 302 GET / (@10.1.38.7) 0.51ms
[I 2026-02-10 15:52:24.091 LabApp] 302 GET /lab? (@10.1.38.7) 0.48ms
[I 2026-02-10 15:52:24.151 ServerApp] Kernel started: e82cbfb4-c972-4656-86a8-a9531cf274cf
[I 2026-02-10 15:52:24.857 ServerApp] Connecting to kernel e82cbfb4-c972-4656-86a8-a9531cf274cf.
[I 2026-02-10 15:52:24.959 ServerApp] 302 GET / (@10.1.38.7) 0.38ms
[I 2026-02-10 15:52:24.959 ServerApp] 302 GET / (@10.1.38.7) 0.26ms
[I 2026-02-10 15:52:25.027 LabApp] 302 GET /lab? (@10.1.38.7) 0.66ms
[I 2026-02-10 15:52:25.028 LabApp] 302 GET /lab? (@10.1.38.7) 0.32ms
[W 2026-02-10 15:52:25.090 ServerApp] wrote error: 'Forbidden'
    Traceback (most recent call last):
      File "/orcd/software/core/001/pkg/miniforge/24.3.0-0/lib/python3.10/site-packages/tornado/web.py", line 1788, in _execute
        result = method(*self.path_args, **self.path_kwargs)
      File "/orcd/software/core/001/pkg/miniforge/24.3.0-0/lib/python3.10/site-packages/tornado/web.py", line 3289, in wrapper
        url = self.get_login_url()
      File "/orcd/software/core/001/pkg/miniforge/24.3.0-0/lib/python3.10/site-packages/jupyter_server/base/handlers.py", line 784, in get_login_url
        raise web.HTTPError(403)
    tornado.web.HTTPError: HTTP 403: Forbidden
[W 2026-02-10 15:52:25.091 ServerApp] 403 GET /api/kernelspecs?1770756745089 (@10.1.38.7) 0.85ms referer=None
[W 2026-02-10 15:52:25.135 ServerApp] wrote error: 'Forbidden'
    Traceback (most recent call last):
      File "/orcd/software/core/001/pkg/miniforge/24.3.0-0/lib/python3.10/site-packages/tornado/web.py", line 1788, in _execute
        result = method(*self.path_args, **self.path_kwargs)
      File "/orcd/software/core/001/pkg/miniforge/24.3.0-0/lib/python3.10/site-packages/tornado/web.py", line 3289, in wrapper
        url = self.get_login_url()
      File "/orcd/software/core/001/pkg/miniforge/24.3.0-0/lib/python3.10/site-packages/jupyter_server/base/handlers.py", line 784, in get_login_url
        raise web.HTTPError(403)
    tornado.web.HTTPError: HTTP 403: Forbidden
[W 2026-02-10 15:52:25.135 ServerApp] 403 GET /api/kernelspecs?1770756745133 (@10.1.38.7) 0.78ms referer=None
[W 2026-02-10 15:52:25.137 ServerApp] wrote error: 'Forbidden'
    Traceback (most recent call last):
      File "/orcd/software/core/001/pkg/miniforge/24.3.0-0/lib/python3.10/site-packages/tornado/web.py", line 1788, in _execute
        result = method(*self.path_args, **self.path_kwargs)
      File "/orcd/software/core/001/pkg/miniforge/24.3.0-0/lib/python3.10/site-packages/tornado/web.py", line 3289, in wrapper
        url = self.get_login_url()
      File "/orcd/software/core/001/pkg/miniforge/24.3.0-0/lib/python3.10/site-packages/jupyter_server/base/handlers.py", line 784, in get_login_url
        raise web.HTTPError(403)
    tornado.web.HTTPError: HTTP 403: Forbidden
[W 2026-02-10 15:52:25.138 ServerApp] 403 GET /api/kernels?1770756745089 (@10.1.38.7) 0.60ms referer=None
[W 2026-02-10 15:52:25.138 ServerApp] wrote error: 'Forbidden'
    Traceback (most recent call last):
      File "/orcd/software/core/001/pkg/miniforge/24.3.0-0/lib/python3.10/site-packages/tornado/web.py", line 1788, in _execute
        result = method(*self.path_args, **self.path_kwargs)
      File "/orcd/software/core/001/pkg/miniforge/24.3.0-0/lib/python3.10/site-packages/tornado/web.py", line 3289, in wrapper
        url = self.get_login_url()
      File "/orcd/software/core/001/pkg/miniforge/24.3.0-0/lib/python3.10/site-packages/jupyter_server/base/handlers.py", line 784, in get_login_url
        raise web.HTTPError(403)
    tornado.web.HTTPError: HTTP 403: Forbidden
[W 2026-02-10 15:52:25.138 ServerApp] 403 GET /api/kernels?1770756745093 (@10.1.38.7) 0.54ms referer=None
[W 2026-02-10 15:52:25.139 ServerApp] wrote error: 'Forbidden'
    Traceback (most recent call last):
      File "/orcd/software/core/001/pkg/miniforge/24.3.0-0/lib/python3.10/site-packages/tornado/web.py", line 1788, in _execute
        result = method(*self.path_args, **self.path_kwargs)
      File "/orcd/software/core/001/pkg/miniforge/24.3.0-0/lib/python3.10/site-packages/tornado/web.py", line 3289, in wrapper
        url = self.get_login_url()
      File "/orcd/software/core/001/pkg/miniforge/24.3.0-0/lib/python3.10/site-packages/jupyter_server/base/handlers.py", line 784, in get_login_url
        raise web.HTTPError(403)
    tornado.web.HTTPError: HTTP 403: Forbidden
[W 2026-02-10 15:52:25.139 ServerApp] 403 GET /api/sessions?1770756745094 (@10.1.38.7) 0.49ms referer=None
[W 2026-02-10 15:52:25.144 ServerApp] wrote error: 'Forbidden'
    Traceback (most recent call last):
      File "/orcd/software/core/001/pkg/miniforge/24.3.0-0/lib/python3.10/site-packages/tornado/web.py", line 1788, in _execute
        result = method(*self.path_args, **self.path_kwargs)
      File "/orcd/software/core/001/pkg/miniforge/24.3.0-0/lib/python3.10/site-packages/tornado/web.py", line 3289, in wrapper
        url = self.get_login_url()
      File "/orcd/software/core/001/pkg/miniforge/24.3.0-0/lib/python3.10/site-packages/jupyter_server/base/handlers.py", line 784, in get_login_url
        raise web.HTTPError(403)
    tornado.web.HTTPError: HTTP 403: Forbidden
[W 2026-02-10 15:52:25.144 ServerApp] 403 GET /api/kernelspecs?1770756745119 (@10.1.38.7) 0.53ms referer=None
[W 2026-02-10 15:52:25.155 ServerApp] wrote error: 'Forbidden'
    Traceback (most recent call last):
      File "/orcd/software/core/001/pkg/miniforge/24.3.0-0/lib/python3.10/site-packages/tornado/web.py", line 1788, in _execute
        result = method(*self.path_args, **self.path_kwargs)
      File "/orcd/software/core/001/pkg/miniforge/24.3.0-0/lib/python3.10/site-packages/tornado/web.py", line 3289, in wrapper
        url = self.get_login_url()
      File "/orcd/software/core/001/pkg/miniforge/24.3.0-0/lib/python3.10/site-packages/jupyter_server/base/handlers.py", line 784, in get_login_url
        raise web.HTTPError(403)
    tornado.web.HTTPError: HTTP 403: Forbidden
[W 2026-02-10 15:52:25.155 ServerApp] 403 GET /api/kernels?1770756745133 (@10.1.38.7) 0.43ms referer=None
[W 2026-02-10 15:52:25.156 ServerApp] wrote error: 'Forbidden'
    Traceback (most recent call last):
      File "/orcd/software/core/001/pkg/miniforge/24.3.0-0/lib/python3.10/site-packages/tornado/web.py", line 1788, in _execute
        result = method(*self.path_args, **self.path_kwargs)
      File "/orcd/software/core/001/pkg/miniforge/24.3.0-0/lib/python3.10/site-packages/tornado/web.py", line 3289, in wrapper
        url = self.get_login_url()
      File "/orcd/software/core/001/pkg/miniforge/24.3.0-0/lib/python3.10/site-packages/jupyter_server/base/handlers.py", line 784, in get_login_url
        raise web.HTTPError(403)
    tornado.web.HTTPError: HTTP 403: Forbidden
[W 2026-02-10 15:52:25.156 ServerApp] 403 GET /api/kernels?1770756745138 (@10.1.38.7) 0.43ms referer=None
[W 2026-02-10 15:52:25.156 ServerApp] wrote error: 'Forbidden'
    Traceback (most recent call last):
      File "/orcd/software/core/001/pkg/miniforge/24.3.0-0/lib/python3.10/site-packages/tornado/web.py", line 1788, in _execute
        result = method(*self.path_args, **self.path_kwargs)
      File "/orcd/software/core/001/pkg/miniforge/24.3.0-0/lib/python3.10/site-packages/tornado/web.py", line 3289, in wrapper
        url = self.get_login_url()
      File "/orcd/software/core/001/pkg/miniforge/24.3.0-0/lib/python3.10/site-packages/jupyter_server/base/handlers.py", line 784, in get_login_url
        raise web.HTTPError(403)
    tornado.web.HTTPError: HTTP 403: Forbidden
[W 2026-02-10 15:52:25.157 ServerApp] 403 GET /api/sessions?1770756745139 (@10.1.38.7) 0.44ms referer=None
[I 2026-02-10 15:52:25.157 ServerApp] 302 GET / (@10.1.38.7) 0.28ms
[W 2026-02-10 15:52:25.158 ServerApp] wrote error: 'Forbidden'
    Traceback (most recent call last):
      File "/orcd/software/core/001/pkg/miniforge/24.3.0-0/lib/python3.10/site-packages/tornado/web.py", line 1788, in _execute
        result = method(*self.path_args, **self.path_kwargs)
      File "/orcd/software/core/001/pkg/miniforge/24.3.0-0/lib/python3.10/site-packages/tornado/web.py", line 3289, in wrapper
        url = self.get_login_url()
      File "/orcd/software/core/001/pkg/miniforge/24.3.0-0/lib/python3.10/site-packages/jupyter_server/base/handlers.py", line 784, in get_login_url
        raise web.HTTPError(403)
    tornado.web.HTTPError: HTTP 403: Forbidden
[W 2026-02-10 15:52:25.158 ServerApp] 403 GET /api/kernelspecs?1770756745143 (@10.1.38.7) 0.42ms referer=None
[I 2026-02-10 15:52:25.189 ServerApp] 302 GET / (@10.1.38.7) 0.29ms
[I 2026-02-10 15:52:25.190 LabApp] 302 GET /lab? (@10.1.38.7) 0.32ms
[I 2026-02-10 15:52:25.196 LabApp] 302 GET /lab? (@10.1.38.7) 0.29ms
[W 2026-02-10 15:52:25.200 ServerApp] wrote error: 'Forbidden'
    Traceback (most recent call last):
      File "/orcd/software/core/001/pkg/miniforge/24.3.0-0/lib/python3.10/site-packages/tornado/web.py", line 1788, in _execute
        result = method(*self.path_args, **self.path_kwargs)
      File "/orcd/software/core/001/pkg/miniforge/24.3.0-0/lib/python3.10/site-packages/tornado/web.py", line 3289, in wrapper
        url = self.get_login_url()
      File "/orcd/software/core/001/pkg/miniforge/24.3.0-0/lib/python3.10/site-packages/jupyter_server/base/handlers.py", line 784, in get_login_url
        raise web.HTTPError(403)
    tornado.web.HTTPError: HTTP 403: Forbidden
[W 2026-02-10 15:52:25.200 ServerApp] 403 GET /api/kernelspecs?1770756745198 (@10.1.38.7) 0.49ms referer=None
[W 2026-02-10 15:52:25.214 ServerApp] wrote error: 'Forbidden'
    Traceback (most recent call last):
      File "/orcd/software/core/001/pkg/miniforge/24.3.0-0/lib/python3.10/site-packages/tornado/web.py", line 1788, in _execute
        result = method(*self.path_args, **self.path_kwargs)
      File "/orcd/software/core/001/pkg/miniforge/24.3.0-0/lib/python3.10/site-packages/tornado/web.py", line 3289, in wrapper
        url = self.get_login_url()
      File "/orcd/software/core/001/pkg/miniforge/24.3.0-0/lib/python3.10/site-packages/jupyter_server/base/handlers.py", line 784, in get_login_url
        raise web.HTTPError(403)
    tornado.web.HTTPError: HTTP 403: Forbidden
[W 2026-02-10 15:52:25.214 ServerApp] 403 GET /api/kernelspecs?1770756745212 (@10.1.38.7) 0.64ms referer=None
[W 2026-02-10 15:52:25.221 ServerApp] wrote error: 'Forbidden'
    Traceback (most recent call last):
      File "/orcd/software/core/001/pkg/miniforge/24.3.0-0/lib/python3.10/site-packages/tornado/web.py", line 1788, in _execute
        result = method(*self.path_args, **self.path_kwargs)
      File "/orcd/software/core/001/pkg/miniforge/24.3.0-0/lib/python3.10/site-packages/tornado/web.py", line 3289, in wrapper
        url = self.get_login_url()
      File "/orcd/software/core/001/pkg/miniforge/24.3.0-0/lib/python3.10/site-packages/jupyter_server/base/handlers.py", line 784, in get_login_url
        raise web.HTTPError(403)
    tornado.web.HTTPError: HTTP 403: Forbidden
[W 2026-02-10 15:52:25.222 ServerApp] 403 GET /api/kernels?1770756745199 (@10.1.38.7) 0.49ms referer=None
[W 2026-02-10 15:52:25.233 ServerApp] wrote error: 'Forbidden'
    Traceback (most recent call last):
      File "/orcd/software/core/001/pkg/miniforge/24.3.0-0/lib/python3.10/site-packages/tornado/web.py", line 1788, in _execute
        result = method(*self.path_args, **self.path_kwargs)
      File "/orcd/software/core/001/pkg/miniforge/24.3.0-0/lib/python3.10/site-packages/tornado/web.py", line 3289, in wrapper
        url = self.get_login_url()
      File "/orcd/software/core/001/pkg/miniforge/24.3.0-0/lib/python3.10/site-packages/jupyter_server/base/handlers.py", line 784, in get_login_url
        raise web.HTTPError(403)
    tornado.web.HTTPError: HTTP 403: Forbidden
[W 2026-02-10 15:52:25.233 ServerApp] 403 GET /api/kernels?1770756745200 (@10.1.38.7) 0.48ms referer=None
[W 2026-02-10 15:52:25.233 ServerApp] wrote error: 'Forbidden'
    Traceback (most recent call last):
      File "/orcd/software/core/001/pkg/miniforge/24.3.0-0/lib/python3.10/site-packages/tornado/web.py", line 1788, in _execute
        result = method(*self.path_args, **self.path_kwargs)
      File "/orcd/software/core/001/pkg/miniforge/24.3.0-0/lib/python3.10/site-packages/tornado/web.py", line 3289, in wrapper
        url = self.get_login_url()
      File "/orcd/software/core/001/pkg/miniforge/24.3.0-0/lib/python3.10/site-packages/jupyter_server/base/handlers.py", line 784, in get_login_url
        raise web.HTTPError(403)
    tornado.web.HTTPError: HTTP 403: Forbidden
[W 2026-02-10 15:52:25.234 ServerApp] 403 GET /api/sessions?1770756745200 (@10.1.38.7) 0.49ms referer=None
[W 2026-02-10 15:52:25.235 ServerApp] wrote error: 'Forbidden'
    Traceback (most recent call last):
      File "/orcd/software/core/001/pkg/miniforge/24.3.0-0/lib/python3.10/site-packages/tornado/web.py", line 1788, in _execute
        result = method(*self.path_args, **self.path_kwargs)
      File "/orcd/software/core/001/pkg/miniforge/24.3.0-0/lib/python3.10/site-packages/tornado/web.py", line 3289, in wrapper
        url = self.get_login_url()
      File "/orcd/software/core/001/pkg/miniforge/24.3.0-0/lib/python3.10/site-packages/jupyter_server/base/handlers.py", line 784, in get_login_url
        raise web.HTTPError(403)
    tornado.web.HTTPError: HTTP 403: Forbidden
[W 2026-02-10 15:52:25.235 ServerApp] 403 GET /api/kernelspecs?1770756745205 (@10.1.38.7) 0.44ms referer=None
[W 2026-02-10 15:52:25.236 ServerApp] wrote error: 'Forbidden'
    Traceback (most recent call last):
      File "/orcd/software/core/001/pkg/miniforge/24.3.0-0/lib/python3.10/site-packages/tornado/web.py", line 1788, in _execute
        result = method(*self.path_args, **self.path_kwargs)
      File "/orcd/software/core/001/pkg/miniforge/24.3.0-0/lib/python3.10/site-packages/tornado/web.py", line 3289, in wrapper
        url = self.get_login_url()
      File "/orcd/software/core/001/pkg/miniforge/24.3.0-0/lib/python3.10/site-packages/jupyter_server/base/handlers.py", line 784, in get_login_url
        raise web.HTTPError(403)
    tornado.web.HTTPError: HTTP 403: Forbidden
[W 2026-02-10 15:52:25.236 ServerApp] 403 GET /api/kernels?1770756745213 (@10.1.38.7) 0.40ms referer=None
[W 2026-02-10 15:52:25.237 ServerApp] wrote error: 'Forbidden'
    Traceback (most recent call last):
      File "/orcd/software/core/001/pkg/miniforge/24.3.0-0/lib/python3.10/site-packages/tornado/web.py", line 1788, in _execute
        result = method(*self.path_args, **self.path_kwargs)
      File "/orcd/software/core/001/pkg/miniforge/24.3.0-0/lib/python3.10/site-packages/tornado/web.py", line 3289, in wrapper
        url = self.get_login_url()
      File "/orcd/software/core/001/pkg/miniforge/24.3.0-0/lib/python3.10/site-packages/jupyter_server/base/handlers.py", line 784, in get_login_url
        raise web.HTTPError(403)
    tornado.web.HTTPError: HTTP 403: Forbidden
[W 2026-02-10 15:52:25.237 ServerApp] 403 GET /api/kernels?1770756745214 (@10.1.38.7) 0.41ms referer=None
[W 2026-02-10 15:52:25.238 ServerApp] wrote error: 'Forbidden'
    Traceback (most recent call last):
      File "/orcd/software/core/001/pkg/miniforge/24.3.0-0/lib/python3.10/site-packages/tornado/web.py", line 1788, in _execute
        result = method(*self.path_args, **self.path_kwargs)
      File "/orcd/software/core/001/pkg/miniforge/24.3.0-0/lib/python3.10/site-packages/tornado/web.py", line 3289, in wrapper
        url = self.get_login_url()
      File "/orcd/software/core/001/pkg/miniforge/24.3.0-0/lib/python3.10/site-packages/jupyter_server/base/handlers.py", line 784, in get_login_url
        raise web.HTTPError(403)
    tornado.web.HTTPError: HTTP 403: Forbidden
[W 2026-02-10 15:52:25.238 ServerApp] 403 GET /api/sessions?1770756745215 (@10.1.38.7) 0.61ms referer=None
[W 2026-02-10 15:52:25.238 ServerApp] wrote error: 'Forbidden'
    Traceback (most recent call last):
      File "/orcd/software/core/001/pkg/miniforge/24.3.0-0/lib/python3.10/site-packages/tornado/web.py", line 1788, in _execute
        result = method(*self.path_args, **self.path_kwargs)
      File "/orcd/software/core/001/pkg/miniforge/24.3.0-0/lib/python3.10/site-packages/tornado/web.py", line 3289, in wrapper
        url = self.get_login_url()
      File "/orcd/software/core/001/pkg/miniforge/24.3.0-0/lib/python3.10/site-packages/jupyter_server/base/handlers.py", line 784, in get_login_url
        raise web.HTTPError(403)
    tornado.web.HTTPError: HTTP 403: Forbidden
[W 2026-02-10 15:52:25.238 ServerApp] 403 GET /api/kernelspecs?1770756745221 (@10.1.38.7) 0.79ms referer=None
[I 2026-02-10 16:28:08.712 ServerApp] Kernel restarted: e82cbfb4-c972-4656-86a8-a9531cf274cf
[I 2026-02-10 16:28:08.715 ServerApp] Starting buffering for e82cbfb4-c972-4656-86a8-a9531cf274cf:b88f7246-4b85-4697-8cf1-5141bf0143b4
[I 2026-02-10 16:28:08.722 ServerApp] Connecting to kernel e82cbfb4-c972-4656-86a8-a9531cf274cf.
[I 2026-02-10 16:28:08.722 ServerApp] Restoring connection for e82cbfb4-c972-4656-86a8-a9531cf274cf:b88f7246-4b85-4697-8cf1-5141bf0143b4
[W 2026-02-10 16:28:13.235 ServerApp] Nudge: attempt 10 on kernel e82cbfb4-c972-4656-86a8-a9531cf274cf
[I 2026-02-10 17:33:52.071 ServerApp] Starting buffering for e82cbfb4-c972-4656-86a8-a9531cf274cf:b88f7246-4b85-4697-8cf1-5141bf0143b4
[I 2026-02-10 17:33:52.072 ServerApp] Starting buffering for 0e0154e6-652f-4e44-bcee-781ac1b6fbc5:b30b4204-b86e-444d-b856-9e65a1ce0736
[I 2026-02-10 17:34:54.064 ServerApp] 302 GET / (@10.1.38.7) 0.42ms
[I 2026-02-10 17:34:54.132 LabApp] 302 GET /lab? (@10.1.38.7) 0.49ms
[I 2026-02-10 17:34:54.212 ServerApp] 302 GET / (@10.1.38.7) 0.24ms
[I 2026-02-10 17:34:54.241 LabApp] 302 GET /lab? (@10.1.38.7) 1.51ms
[I 2026-02-10 17:34:54.243 ServerApp] 302 GET / (@10.1.38.7) 0.21ms
[I 2026-02-10 17:34:54.285 LabApp] 302 GET /lab? (@10.1.38.7) 0.31ms
[W 2026-02-10 17:34:54.293 ServerApp] wrote error: 'Forbidden'
    Traceback (most recent call last):
      File "/orcd/software/core/001/pkg/miniforge/24.3.0-0/lib/python3.10/site-packages/tornado/web.py", line 1788, in _execute
        result = method(*self.path_args, **self.path_kwargs)
      File "/orcd/software/core/001/pkg/miniforge/24.3.0-0/lib/python3.10/site-packages/tornado/web.py", line 3289, in wrapper
        url = self.get_login_url()
      File "/orcd/software/core/001/pkg/miniforge/24.3.0-0/lib/python3.10/site-packages/jupyter_server/base/handlers.py", line 784, in get_login_url
        raise web.HTTPError(403)
    tornado.web.HTTPError: HTTP 403: Forbidden
[W 2026-02-10 17:34:54.294 ServerApp] 403 GET /api/kernelspecs?1770762894290 (@10.1.38.7) 1.13ms referer=None
[W 2026-02-10 17:34:54.338 ServerApp] wrote error: 'Forbidden'
    Traceback (most recent call last):
      File "/orcd/software/core/001/pkg/miniforge/24.3.0-0/lib/python3.10/site-packages/tornado/web.py", line 1788, in _execute
        result = method(*self.path_args, **self.path_kwargs)
      File "/orcd/software/core/001/pkg/miniforge/24.3.0-0/lib/python3.10/site-packages/tornado/web.py", line 3289, in wrapper
        url = self.get_login_url()
      File "/orcd/software/core/001/pkg/miniforge/24.3.0-0/lib/python3.10/site-packages/jupyter_server/base/handlers.py", line 784, in get_login_url
        raise web.HTTPError(403)
    tornado.web.HTTPError: HTTP 403: Forbidden
[W 2026-02-10 17:34:54.338 ServerApp] 403 GET /api/kernels?1770762894290 (@10.1.38.7) 0.56ms referer=None
[W 2026-02-10 17:34:54.338 ServerApp] wrote error: 'Forbidden'
    Traceback (most recent call last):
      File "/orcd/software/core/001/pkg/miniforge/24.3.0-0/lib/python3.10/site-packages/tornado/web.py", line 1788, in _execute
        result = method(*self.path_args, **self.path_kwargs)
      File "/orcd/software/core/001/pkg/miniforge/24.3.0-0/lib/python3.10/site-packages/tornado/web.py", line 3289, in wrapper
        url = self.get_login_url()
      File "/orcd/software/core/001/pkg/miniforge/24.3.0-0/lib/python3.10/site-packages/jupyter_server/base/handlers.py", line 784, in get_login_url
        raise web.HTTPError(403)
    tornado.web.HTTPError: HTTP 403: Forbidden
[W 2026-02-10 17:34:54.339 ServerApp] 403 GET /api/kernels?1770762894296 (@10.1.38.7) 0.56ms referer=None
[W 2026-02-10 17:34:54.343 ServerApp] wrote error: 'Forbidden'
    Traceback (most recent call last):
      File "/orcd/software/core/001/pkg/miniforge/24.3.0-0/lib/python3.10/site-packages/tornado/web.py", line 1788, in _execute
        result = method(*self.path_args, **self.path_kwargs)
      File "/orcd/software/core/001/pkg/miniforge/24.3.0-0/lib/python3.10/site-packages/tornado/web.py", line 3289, in wrapper
        url = self.get_login_url()
      File "/orcd/software/core/001/pkg/miniforge/24.3.0-0/lib/python3.10/site-packages/jupyter_server/base/handlers.py", line 784, in get_login_url
        raise web.HTTPError(403)
    tornado.web.HTTPError: HTTP 403: Forbidden
[W 2026-02-10 17:34:54.343 ServerApp] 403 GET /api/kernelspecs?1770762894340 (@10.1.38.7) 0.48ms referer=None
[W 2026-02-10 17:34:54.344 ServerApp] wrote error: 'Forbidden'
    Traceback (most recent call last):
      File "/orcd/software/core/001/pkg/miniforge/24.3.0-0/lib/python3.10/site-packages/tornado/web.py", line 1788, in _execute
        result = method(*self.path_args, **self.path_kwargs)
      File "/orcd/software/core/001/pkg/miniforge/24.3.0-0/lib/python3.10/site-packages/tornado/web.py", line 3289, in wrapper
        url = self.get_login_url()
      File "/orcd/software/core/001/pkg/miniforge/24.3.0-0/lib/python3.10/site-packages/jupyter_server/base/handlers.py", line 784, in get_login_url
        raise web.HTTPError(403)
    tornado.web.HTTPError: HTTP 403: Forbidden
[W 2026-02-10 17:34:54.344 ServerApp] 403 GET /api/sessions?1770762894297 (@10.1.38.7) 0.49ms referer=None
[W 2026-02-10 17:34:54.347 ServerApp] wrote error: 'Forbidden'
    Traceback (most recent call last):
      File "/orcd/software/core/001/pkg/miniforge/24.3.0-0/lib/python3.10/site-packages/tornado/web.py", line 1788, in _execute
        result = method(*self.path_args, **self.path_kwargs)
      File "/orcd/software/core/001/pkg/miniforge/24.3.0-0/lib/python3.10/site-packages/tornado/web.py", line 3289, in wrapper
        url = self.get_login_url()
      File "/orcd/software/core/001/pkg/miniforge/24.3.0-0/lib/python3.10/site-packages/jupyter_server/base/handlers.py", line 784, in get_login_url
        raise web.HTTPError(403)
    tornado.web.HTTPError: HTTP 403: Forbidden
[W 2026-02-10 17:34:54.347 ServerApp] 403 GET /api/kernelspecs?1770762894332 (@10.1.38.7) 0.48ms referer=None
[W 2026-02-10 17:34:54.383 ServerApp] wrote error: 'Forbidden'
    Traceback (most recent call last):
      File "/orcd/software/core/001/pkg/miniforge/24.3.0-0/lib/python3.10/site-packages/tornado/web.py", line 1788, in _execute
        result = method(*self.path_args, **self.path_kwargs)
      File "/orcd/software/core/001/pkg/miniforge/24.3.0-0/lib/python3.10/site-packages/tornado/web.py", line 3289, in wrapper
        url = self.get_login_url()
      File "/orcd/software/core/001/pkg/miniforge/24.3.0-0/lib/python3.10/site-packages/jupyter_server/base/handlers.py", line 784, in get_login_url
        raise web.HTTPError(403)
    tornado.web.HTTPError: HTTP 403: Forbidden
[W 2026-02-10 17:34:54.383 ServerApp] 403 GET /api/kernels?1770762894341 (@10.1.38.7) 0.48ms referer=None
[W 2026-02-10 17:34:54.383 ServerApp] wrote error: 'Forbidden'
    Traceback (most recent call last):
      File "/orcd/software/core/001/pkg/miniforge/24.3.0-0/lib/python3.10/site-packages/tornado/web.py", line 1788, in _execute
        result = method(*self.path_args, **self.path_kwargs)
      File "/orcd/software/core/001/pkg/miniforge/24.3.0-0/lib/python3.10/site-packages/tornado/web.py", line 3289, in wrapper
        url = self.get_login_url()
      File "/orcd/software/core/001/pkg/miniforge/24.3.0-0/lib/python3.10/site-packages/jupyter_server/base/handlers.py", line 784, in get_login_url
        raise web.HTTPError(403)
    tornado.web.HTTPError: HTTP 403: Forbidden
[W 2026-02-10 17:34:54.384 ServerApp] 403 GET /api/kernels?1770762894346 (@10.1.38.7) 0.61ms referer=None
[W 2026-02-10 17:34:54.384 ServerApp] wrote error: 'Forbidden'
    Traceback (most recent call last):
      File "/orcd/software/core/001/pkg/miniforge/24.3.0-0/lib/python3.10/site-packages/tornado/web.py", line 1788, in _execute
        result = method(*self.path_args, **self.path_kwargs)
      File "/orcd/software/core/001/pkg/miniforge/24.3.0-0/lib/python3.10/site-packages/tornado/web.py", line 3289, in wrapper
        url = self.get_login_url()
      File "/orcd/software/core/001/pkg/miniforge/24.3.0-0/lib/python3.10/site-packages/jupyter_server/base/handlers.py", line 784, in get_login_url
        raise web.HTTPError(403)
    tornado.web.HTTPError: HTTP 403: Forbidden
[W 2026-02-10 17:34:54.384 ServerApp] 403 GET /api/sessions?1770762894347 (@10.1.38.7) 0.89ms referer=None
[I 2026-02-10 17:34:54.392 ServerApp] 302 GET / (@10.1.38.7) 0.24ms
[W 2026-02-10 17:34:54.393 ServerApp] wrote error: 'Forbidden'
    Traceback (most recent call last):
      File "/orcd/software/core/001/pkg/miniforge/24.3.0-0/lib/python3.10/site-packages/tornado/web.py", line 1788, in _execute
        result = method(*self.path_args, **self.path_kwargs)
      File "/orcd/software/core/001/pkg/miniforge/24.3.0-0/lib/python3.10/site-packages/tornado/web.py", line 3289, in wrapper
        url = self.get_login_url()
      File "/orcd/software/core/001/pkg/miniforge/24.3.0-0/lib/python3.10/site-packages/jupyter_server/base/handlers.py", line 784, in get_login_url
        raise web.HTTPError(403)
    tornado.web.HTTPError: HTTP 403: Forbidden
[W 2026-02-10 17:34:54.393 ServerApp] 403 GET /api/kernelspecs?1770762894356 (@10.1.38.7) 0.55ms referer=None
[I 2026-02-10 17:34:54.406 ServerApp] 302 GET / (@10.1.38.7) 0.24ms
[I 2026-02-10 17:34:54.444 LabApp] 302 GET /lab? (@10.1.38.7) 0.31ms
[I 2026-02-10 17:34:54.476 LabApp] 302 GET /lab? (@10.1.38.7) 0.33ms
[W 2026-02-10 17:34:54.493 ServerApp] wrote error: 'Forbidden'
    Traceback (most recent call last):
      File "/orcd/software/core/001/pkg/miniforge/24.3.0-0/lib/python3.10/site-packages/tornado/web.py", line 1788, in _execute
        result = method(*self.path_args, **self.path_kwargs)
      File "/orcd/software/core/001/pkg/miniforge/24.3.0-0/lib/python3.10/site-packages/tornado/web.py", line 3289, in wrapper
        url = self.get_login_url()
      File "/orcd/software/core/001/pkg/miniforge/24.3.0-0/lib/python3.10/site-packages/jupyter_server/base/handlers.py", line 784, in get_login_url
        raise web.HTTPError(403)
    tornado.web.HTTPError: HTTP 403: Forbidden
[W 2026-02-10 17:34:54.493 ServerApp] 403 GET /api/kernelspecs?1770762894491 (@10.1.38.7) 0.58ms referer=None
[W 2026-02-10 17:34:54.507 ServerApp] wrote error: 'Forbidden'
    Traceback (most recent call last):
      File "/orcd/software/core/001/pkg/miniforge/24.3.0-0/lib/python3.10/site-packages/tornado/web.py", line 1788, in _execute
        result = method(*self.path_args, **self.path_kwargs)
      File "/orcd/software/core/001/pkg/miniforge/24.3.0-0/lib/python3.10/site-packages/tornado/web.py", line 3289, in wrapper
        url = self.get_login_url()
      File "/orcd/software/core/001/pkg/miniforge/24.3.0-0/lib/python3.10/site-packages/jupyter_server/base/handlers.py", line 784, in get_login_url
        raise web.HTTPError(403)
    tornado.web.HTTPError: HTTP 403: Forbidden
[W 2026-02-10 17:34:54.507 ServerApp] 403 GET /api/kernelspecs?1770762894504 (@10.1.38.7) 0.59ms referer=None
[W 2026-02-10 17:34:54.510 ServerApp] wrote error: 'Forbidden'
    Traceback (most recent call last):
      File "/orcd/software/core/001/pkg/miniforge/24.3.0-0/lib/python3.10/site-packages/tornado/web.py", line 1788, in _execute
        result = method(*self.path_args, **self.path_kwargs)
      File "/orcd/software/core/001/pkg/miniforge/24.3.0-0/lib/python3.10/site-packages/tornado/web.py", line 3289, in wrapper
        url = self.get_login_url()
      File "/orcd/software/core/001/pkg/miniforge/24.3.0-0/lib/python3.10/site-packages/jupyter_server/base/handlers.py", line 784, in get_login_url
        raise web.HTTPError(403)
    tornado.web.HTTPError: HTTP 403: Forbidden
[W 2026-02-10 17:34:54.510 ServerApp] 403 GET /api/kernels?1770762894491 (@10.1.38.7) 0.50ms referer=None
[W 2026-02-10 17:34:54.511 ServerApp] wrote error: 'Forbidden'
    Traceback (most recent call last):
      File "/orcd/software/core/001/pkg/miniforge/24.3.0-0/lib/python3.10/site-packages/tornado/web.py", line 1788, in _execute
        result = method(*self.path_args, **self.path_kwargs)
      File "/orcd/software/core/001/pkg/miniforge/24.3.0-0/lib/python3.10/site-packages/tornado/web.py", line 3289, in wrapper
        url = self.get_login_url()
      File "/orcd/software/core/001/pkg/miniforge/24.3.0-0/lib/python3.10/site-packages/jupyter_server/base/handlers.py", line 784, in get_login_url
        raise web.HTTPError(403)
    tornado.web.HTTPError: HTTP 403: Forbidden
[W 2026-02-10 17:34:54.511 ServerApp] 403 GET /api/kernels?1770762894493 (@10.1.38.7) 0.63ms referer=None
[W 2026-02-10 17:34:54.511 ServerApp] wrote error: 'Forbidden'
    Traceback (most recent call last):
      File "/orcd/software/core/001/pkg/miniforge/24.3.0-0/lib/python3.10/site-packages/tornado/web.py", line 1788, in _execute
        result = method(*self.path_args, **self.path_kwargs)
      File "/orcd/software/core/001/pkg/miniforge/24.3.0-0/lib/python3.10/site-packages/tornado/web.py", line 3289, in wrapper
        url = self.get_login_url()
      File "/orcd/software/core/001/pkg/miniforge/24.3.0-0/lib/python3.10/site-packages/jupyter_server/base/handlers.py", line 784, in get_login_url
        raise web.HTTPError(403)
    tornado.web.HTTPError: HTTP 403: Forbidden
[W 2026-02-10 17:34:54.512 ServerApp] 403 GET /api/sessions?1770762894494 (@10.1.38.7) 0.91ms referer=None
[W 2026-02-10 17:34:54.522 ServerApp] wrote error: 'Forbidden'
    Traceback (most recent call last):
      File "/orcd/software/core/001/pkg/miniforge/24.3.0-0/lib/python3.10/site-packages/tornado/web.py", line 1788, in _execute
        result = method(*self.path_args, **self.path_kwargs)
      File "/orcd/software/core/001/pkg/miniforge/24.3.0-0/lib/python3.10/site-packages/tornado/web.py", line 3289, in wrapper
        url = self.get_login_url()
      File "/orcd/software/core/001/pkg/miniforge/24.3.0-0/lib/python3.10/site-packages/jupyter_server/base/handlers.py", line 784, in get_login_url
        raise web.HTTPError(403)
    tornado.web.HTTPError: HTTP 403: Forbidden
[W 2026-02-10 17:34:54.522 ServerApp] 403 GET /api/kernelspecs?1770762894500 (@10.1.38.7) 0.48ms referer=None
[W 2026-02-10 17:34:54.530 ServerApp] wrote error: 'Forbidden'
    Traceback (most recent call last):
      File "/orcd/software/core/001/pkg/miniforge/24.3.0-0/lib/python3.10/site-packages/tornado/web.py", line 1788, in _execute
        result = method(*self.path_args, **self.path_kwargs)
      File "/orcd/software/core/001/pkg/miniforge/24.3.0-0/lib/python3.10/site-packages/tornado/web.py", line 3289, in wrapper
        url = self.get_login_url()
      File "/orcd/software/core/001/pkg/miniforge/24.3.0-0/lib/python3.10/site-packages/jupyter_server/base/handlers.py", line 784, in get_login_url
        raise web.HTTPError(403)
    tornado.web.HTTPError: HTTP 403: Forbidden
[W 2026-02-10 17:34:54.530 ServerApp] 403 GET /api/kernels?1770762894504 (@10.1.38.7) 0.52ms referer=None
[W 2026-02-10 17:34:54.531 ServerApp] wrote error: 'Forbidden'
    Traceback (most recent call last):
      File "/orcd/software/core/001/pkg/miniforge/24.3.0-0/lib/python3.10/site-packages/tornado/web.py", line 1788, in _execute
        result = method(*self.path_args, **self.path_kwargs)
      File "/orcd/software/core/001/pkg/miniforge/24.3.0-0/lib/python3.10/site-packages/tornado/web.py", line 3289, in wrapper
        url = self.get_login_url()
      File "/orcd/software/core/001/pkg/miniforge/24.3.0-0/lib/python3.10/site-packages/jupyter_server/base/handlers.py", line 784, in get_login_url
        raise web.HTTPError(403)
    tornado.web.HTTPError: HTTP 403: Forbidden
[W 2026-02-10 17:34:54.531 ServerApp] 403 GET /api/kernels?1770762894510 (@10.1.38.7) 0.61ms referer=None
[W 2026-02-10 17:34:54.531 ServerApp] wrote error: 'Forbidden'
    Traceback (most recent call last):
      File "/orcd/software/core/001/pkg/miniforge/24.3.0-0/lib/python3.10/site-packages/tornado/web.py", line 1788, in _execute
        result = method(*self.path_args, **self.path_kwargs)
      File "/orcd/software/core/001/pkg/miniforge/24.3.0-0/lib/python3.10/site-packages/tornado/web.py", line 3289, in wrapper
        url = self.get_login_url()
      File "/orcd/software/core/001/pkg/miniforge/24.3.0-0/lib/python3.10/site-packages/jupyter_server/base/handlers.py", line 784, in get_login_url
        raise web.HTTPError(403)
    tornado.web.HTTPError: HTTP 403: Forbidden
[W 2026-02-10 17:34:54.532 ServerApp] 403 GET /api/sessions?1770762894511 (@10.1.38.7) 0.87ms referer=None
[W 2026-02-10 17:34:54.534 ServerApp] wrote error: 'Forbidden'
    Traceback (most recent call last):
      File "/orcd/software/core/001/pkg/miniforge/24.3.0-0/lib/python3.10/site-packages/tornado/web.py", line 1788, in _execute
        result = method(*self.path_args, **self.path_kwargs)
      File "/orcd/software/core/001/pkg/miniforge/24.3.0-0/lib/python3.10/site-packages/tornado/web.py", line 3289, in wrapper
        url = self.get_login_url()
      File "/orcd/software/core/001/pkg/miniforge/24.3.0-0/lib/python3.10/site-packages/jupyter_server/base/handlers.py", line 784, in get_login_url
        raise web.HTTPError(403)
    tornado.web.HTTPError: HTTP 403: Forbidden
[W 2026-02-10 17:34:54.535 ServerApp] 403 GET /api/kernelspecs?1770762894522 (@10.1.38.7) 0.47ms referer=None
[I 2026-02-10 17:35:36.326 ServerApp] 302 GET / (@10.1.38.7) 0.41ms
[I 2026-02-10 17:35:36.397 LabApp] 302 GET /lab? (@10.1.38.7) 0.38ms
[I 2026-02-10 17:35:36.440 ServerApp] 302 GET / (@10.1.38.7) 0.22ms
[I 2026-02-10 17:35:36.466 ServerApp] 302 GET / (@10.1.38.7) 0.21ms
[I 2026-02-10 17:35:36.467 LabApp] 302 GET /lab? (@10.1.38.7) 0.30ms
[I 2026-02-10 17:35:36.495 LabApp] 302 GET /lab? (@10.1.38.7) 0.28ms
[W 2026-02-10 17:35:36.506 ServerApp] wrote error: 'Forbidden'
    Traceback (most recent call last):
      File "/orcd/software/core/001/pkg/miniforge/24.3.0-0/lib/python3.10/site-packages/tornado/web.py", line 1788, in _execute
        result = method(*self.path_args, **self.path_kwargs)
      File "/orcd/software/core/001/pkg/miniforge/24.3.0-0/lib/python3.10/site-packages/tornado/web.py", line 3289, in wrapper
        url = self.get_login_url()
      File "/orcd/software/core/001/pkg/miniforge/24.3.0-0/lib/python3.10/site-packages/jupyter_server/base/handlers.py", line 784, in get_login_url
        raise web.HTTPError(403)
    tornado.web.HTTPError: HTTP 403: Forbidden
[W 2026-02-10 17:35:36.506 ServerApp] 403 GET /api/kernelspecs?1770762936503 (@10.1.38.7) 0.54ms referer=None
[W 2026-02-10 17:35:36.519 ServerApp] wrote error: 'Forbidden'
    Traceback (most recent call last):
      File "/orcd/software/core/001/pkg/miniforge/24.3.0-0/lib/python3.10/site-packages/tornado/web.py", line 1788, in _execute
        result = method(*self.path_args, **self.path_kwargs)
      File "/orcd/software/core/001/pkg/miniforge/24.3.0-0/lib/python3.10/site-packages/tornado/web.py", line 3289, in wrapper
        url = self.get_login_url()
      File "/orcd/software/core/001/pkg/miniforge/24.3.0-0/lib/python3.10/site-packages/jupyter_server/base/handlers.py", line 784, in get_login_url
        raise web.HTTPError(403)
    tornado.web.HTTPError: HTTP 403: Forbidden
[W 2026-02-10 17:35:36.519 ServerApp] 403 GET /api/kernels?1770762936504 (@10.1.38.7) 0.51ms referer=None
[W 2026-02-10 17:35:36.520 ServerApp] wrote error: 'Forbidden'
    Traceback (most recent call last):
      File "/orcd/software/core/001/pkg/miniforge/24.3.0-0/lib/python3.10/site-packages/tornado/web.py", line 1788, in _execute
        result = method(*self.path_args, **self.path_kwargs)
      File "/orcd/software/core/001/pkg/miniforge/24.3.0-0/lib/python3.10/site-packages/tornado/web.py", line 3289, in wrapper
        url = self.get_login_url()
      File "/orcd/software/core/001/pkg/miniforge/24.3.0-0/lib/python3.10/site-packages/jupyter_server/base/handlers.py", line 784, in get_login_url
        raise web.HTTPError(403)
    tornado.web.HTTPError: HTTP 403: Forbidden
[W 2026-02-10 17:35:36.520 ServerApp] 403 GET /api/kernels?1770762936506 (@10.1.38.7) 0.61ms referer=None
[W 2026-02-10 17:35:36.520 ServerApp] wrote error: 'Forbidden'
    Traceback (most recent call last):
      File "/orcd/software/core/001/pkg/miniforge/24.3.0-0/lib/python3.10/site-packages/tornado/web.py", line 1788, in _execute
        result = method(*self.path_args, **self.path_kwargs)
      File "/orcd/software/core/001/pkg/miniforge/24.3.0-0/lib/python3.10/site-packages/tornado/web.py", line 3289, in wrapper
        url = self.get_login_url()
      File "/orcd/software/core/001/pkg/miniforge/24.3.0-0/lib/python3.10/site-packages/jupyter_server/base/handlers.py", line 784, in get_login_url
        raise web.HTTPError(403)
    tornado.web.HTTPError: HTTP 403: Forbidden
[W 2026-02-10 17:35:36.520 ServerApp] 403 GET /api/sessions?1770762936507 (@10.1.38.7) 0.91ms referer=None
[W 2026-02-10 17:35:36.530 ServerApp] wrote error: 'Forbidden'
    Traceback (most recent call last):
      File "/orcd/software/core/001/pkg/miniforge/24.3.0-0/lib/python3.10/site-packages/tornado/web.py", line 1788, in _execute
        result = method(*self.path_args, **self.path_kwargs)
      File "/orcd/software/core/001/pkg/miniforge/24.3.0-0/lib/python3.10/site-packages/tornado/web.py", line 3289, in wrapper
        url = self.get_login_url()
      File "/orcd/software/core/001/pkg/miniforge/24.3.0-0/lib/python3.10/site-packages/jupyter_server/base/handlers.py", line 784, in get_login_url
        raise web.HTTPError(403)
    tornado.web.HTTPError: HTTP 403: Forbidden
[W 2026-02-10 17:35:36.530 ServerApp] 403 GET /api/kernelspecs?1770762936528 (@10.1.38.7) 0.48ms referer=None
[W 2026-02-10 17:35:36.532 ServerApp] wrote error: 'Forbidden'
    Traceback (most recent call last):
      File "/orcd/software/core/001/pkg/miniforge/24.3.0-0/lib/python3.10/site-packages/tornado/web.py", line 1788, in _execute
        result = method(*self.path_args, **self.path_kwargs)
      File "/orcd/software/core/001/pkg/miniforge/24.3.0-0/lib/python3.10/site-packages/tornado/web.py", line 3289, in wrapper
        url = self.get_login_url()
      File "/orcd/software/core/001/pkg/miniforge/24.3.0-0/lib/python3.10/site-packages/jupyter_server/base/handlers.py", line 784, in get_login_url
        raise web.HTTPError(403)
    tornado.web.HTTPError: HTTP 403: Forbidden
[W 2026-02-10 17:35:36.532 ServerApp] 403 GET /api/kernelspecs?1770762936516 (@10.1.38.7) 0.46ms referer=None
[W 2026-02-10 17:35:36.543 ServerApp] wrote error: 'Forbidden'
    Traceback (most recent call last):
      File "/orcd/software/core/001/pkg/miniforge/24.3.0-0/lib/python3.10/site-packages/tornado/web.py", line 1788, in _execute
        result = method(*self.path_args, **self.path_kwargs)
      File "/orcd/software/core/001/pkg/miniforge/24.3.0-0/lib/python3.10/site-packages/tornado/web.py", line 3289, in wrapper
        url = self.get_login_url()
      File "/orcd/software/core/001/pkg/miniforge/24.3.0-0/lib/python3.10/site-packages/jupyter_server/base/handlers.py", line 784, in get_login_url
        raise web.HTTPError(403)
    tornado.web.HTTPError: HTTP 403: Forbidden
[W 2026-02-10 17:35:36.544 ServerApp] 403 GET /api/kernels?1770762936528 (@10.1.38.7) 0.52ms referer=None
[I 2026-02-10 17:35:36.544 ServerApp] 302 GET / (@10.1.38.7) 0.22ms
[W 2026-02-10 17:35:36.544 ServerApp] wrote error: 'Forbidden'
    Traceback (most recent call last):
      File "/orcd/software/core/001/pkg/miniforge/24.3.0-0/lib/python3.10/site-packages/tornado/web.py", line 1788, in _execute
        result = method(*self.path_args, **self.path_kwargs)
      File "/orcd/software/core/001/pkg/miniforge/24.3.0-0/lib/python3.10/site-packages/tornado/web.py", line 3289, in wrapper
        url = self.get_login_url()
      File "/orcd/software/core/001/pkg/miniforge/24.3.0-0/lib/python3.10/site-packages/jupyter_server/base/handlers.py", line 784, in get_login_url
        raise web.HTTPError(403)
    tornado.web.HTTPError: HTTP 403: Forbidden
[W 2026-02-10 17:35:36.544 ServerApp] 403 GET /api/kernels?1770762936532 (@10.1.38.7) 0.50ms referer=None
[W 2026-02-10 17:35:36.566 ServerApp] wrote error: 'Forbidden'
    Traceback (most recent call last):
      File "/orcd/software/core/001/pkg/miniforge/24.3.0-0/lib/python3.10/site-packages/tornado/web.py", line 1788, in _execute
        result = method(*self.path_args, **self.path_kwargs)
      File "/orcd/software/core/001/pkg/miniforge/24.3.0-0/lib/python3.10/site-packages/tornado/web.py", line 3289, in wrapper
        url = self.get_login_url()
      File "/orcd/software/core/001/pkg/miniforge/24.3.0-0/lib/python3.10/site-packages/jupyter_server/base/handlers.py", line 784, in get_login_url
        raise web.HTTPError(403)
    tornado.web.HTTPError: HTTP 403: Forbidden
[W 2026-02-10 17:35:36.566 ServerApp] 403 GET /api/sessions?1770762936532 (@10.1.38.7) 0.48ms referer=None
[W 2026-02-10 17:35:36.568 ServerApp] wrote error: 'Forbidden'
    Traceback (most recent call last):
      File "/orcd/software/core/001/pkg/miniforge/24.3.0-0/lib/python3.10/site-packages/tornado/web.py", line 1788, in _execute
        result = method(*self.path_args, **self.path_kwargs)
      File "/orcd/software/core/001/pkg/miniforge/24.3.0-0/lib/python3.10/site-packages/tornado/web.py", line 3289, in wrapper
        url = self.get_login_url()
      File "/orcd/software/core/001/pkg/miniforge/24.3.0-0/lib/python3.10/site-packages/jupyter_server/base/handlers.py", line 784, in get_login_url
        raise web.HTTPError(403)
    tornado.web.HTTPError: HTTP 403: Forbidden
[W 2026-02-10 17:35:36.569 ServerApp] 403 GET /api/kernelspecs?1770762936538 (@10.1.38.7) 0.48ms referer=None
[I 2026-02-10 17:35:36.597 LabApp] 302 GET /lab? (@10.1.38.7) 0.32ms
[I 2026-02-10 17:35:36.617 ServerApp] 302 GET / (@10.1.38.7) 0.24ms
[I 2026-02-10 17:35:36.644 LabApp] 302 GET /lab? (@10.1.38.7) 0.33ms
[W 2026-02-10 17:35:36.661 ServerApp] wrote error: 'Forbidden'
    Traceback (most recent call last):
      File "/orcd/software/core/001/pkg/miniforge/24.3.0-0/lib/python3.10/site-packages/tornado/web.py", line 1788, in _execute
        result = method(*self.path_args, **self.path_kwargs)
      File "/orcd/software/core/001/pkg/miniforge/24.3.0-0/lib/python3.10/site-packages/tornado/web.py", line 3289, in wrapper
        url = self.get_login_url()
      File "/orcd/software/core/001/pkg/miniforge/24.3.0-0/lib/python3.10/site-packages/jupyter_server/base/handlers.py", line 784, in get_login_url
        raise web.HTTPError(403)
    tornado.web.HTTPError: HTTP 403: Forbidden
[W 2026-02-10 17:35:36.661 ServerApp] 403 GET /api/kernelspecs?1770762936659 (@10.1.38.7) 0.60ms referer=None
[W 2026-02-10 17:35:36.670 ServerApp] wrote error: 'Forbidden'
    Traceback (most recent call last):
      File "/orcd/software/core/001/pkg/miniforge/24.3.0-0/lib/python3.10/site-packages/tornado/web.py", line 1788, in _execute
        result = method(*self.path_args, **self.path_kwargs)
      File "/orcd/software/core/001/pkg/miniforge/24.3.0-0/lib/python3.10/site-packages/tornado/web.py", line 3289, in wrapper
        url = self.get_login_url()
      File "/orcd/software/core/001/pkg/miniforge/24.3.0-0/lib/python3.10/site-packages/jupyter_server/base/handlers.py", line 784, in get_login_url
        raise web.HTTPError(403)
    tornado.web.HTTPError: HTTP 403: Forbidden
[W 2026-02-10 17:35:36.670 ServerApp] 403 GET /api/kernels?1770762936660 (@10.1.38.7) 0.50ms referer=None
[W 2026-02-10 17:35:36.671 ServerApp] wrote error: 'Forbidden'
    Traceback (most recent call last):
      File "/orcd/software/core/001/pkg/miniforge/24.3.0-0/lib/python3.10/site-packages/tornado/web.py", line 1788, in _execute
        result = method(*self.path_args, **self.path_kwargs)
      File "/orcd/software/core/001/pkg/miniforge/24.3.0-0/lib/python3.10/site-packages/tornado/web.py", line 3289, in wrapper
        url = self.get_login_url()
      File "/orcd/software/core/001/pkg/miniforge/24.3.0-0/lib/python3.10/site-packages/jupyter_server/base/handlers.py", line 784, in get_login_url
        raise web.HTTPError(403)
    tornado.web.HTTPError: HTTP 403: Forbidden
[W 2026-02-10 17:35:36.671 ServerApp] 403 GET /api/kernels?1770762936663 (@10.1.38.7) 0.61ms referer=None
[W 2026-02-10 17:35:36.671 ServerApp] wrote error: 'Forbidden'
    Traceback (most recent call last):
      File "/orcd/software/core/001/pkg/miniforge/24.3.0-0/lib/python3.10/site-packages/tornado/web.py", line 1788, in _execute
        result = method(*self.path_args, **self.path_kwargs)
      File "/orcd/software/core/001/pkg/miniforge/24.3.0-0/lib/python3.10/site-packages/tornado/web.py", line 3289, in wrapper
        url = self.get_login_url()
      File "/orcd/software/core/001/pkg/miniforge/24.3.0-0/lib/python3.10/site-packages/jupyter_server/base/handlers.py", line 784, in get_login_url
        raise web.HTTPError(403)
    tornado.web.HTTPError: HTTP 403: Forbidden
[W 2026-02-10 17:35:36.672 ServerApp] 403 GET /api/sessions?1770762936663 (@10.1.38.7) 0.88ms referer=None
[W 2026-02-10 17:35:36.678 ServerApp] wrote error: 'Forbidden'
    Traceback (most recent call last):
      File "/orcd/software/core/001/pkg/miniforge/24.3.0-0/lib/python3.10/site-packages/tornado/web.py", line 1788, in _execute
        result = method(*self.path_args, **self.path_kwargs)
      File "/orcd/software/core/001/pkg/miniforge/24.3.0-0/lib/python3.10/site-packages/tornado/web.py", line 3289, in wrapper
        url = self.get_login_url()
      File "/orcd/software/core/001/pkg/miniforge/24.3.0-0/lib/python3.10/site-packages/jupyter_server/base/handlers.py", line 784, in get_login_url
        raise web.HTTPError(403)
    tornado.web.HTTPError: HTTP 403: Forbidden
[W 2026-02-10 17:35:36.679 ServerApp] 403 GET /api/kernelspecs?1770762936677 (@10.1.38.7) 0.52ms referer=None
[W 2026-02-10 17:35:36.688 ServerApp] wrote error: 'Forbidden'
    Traceback (most recent call last):
      File "/orcd/software/core/001/pkg/miniforge/24.3.0-0/lib/python3.10/site-packages/tornado/web.py", line 1788, in _execute
        result = method(*self.path_args, **self.path_kwargs)
      File "/orcd/software/core/001/pkg/miniforge/24.3.0-0/lib/python3.10/site-packages/tornado/web.py", line 3289, in wrapper
        url = self.get_login_url()
      File "/orcd/software/core/001/pkg/miniforge/24.3.0-0/lib/python3.10/site-packages/jupyter_server/base/handlers.py", line 784, in get_login_url
        raise web.HTTPError(403)
    tornado.web.HTTPError: HTTP 403: Forbidden
[W 2026-02-10 17:35:36.688 ServerApp] 403 GET /api/kernelspecs?1770762936670 (@10.1.38.7) 0.49ms referer=None
[W 2026-02-10 17:35:36.689 ServerApp] wrote error: 'Forbidden'
    Traceback (most recent call last):
      File "/orcd/software/core/001/pkg/miniforge/24.3.0-0/lib/python3.10/site-packages/tornado/web.py", line 1788, in _execute
        result = method(*self.path_args, **self.path_kwargs)
      File "/orcd/software/core/001/pkg/miniforge/24.3.0-0/lib/python3.10/site-packages/tornado/web.py", line 3289, in wrapper
        url = self.get_login_url()
      File "/orcd/software/core/001/pkg/miniforge/24.3.0-0/lib/python3.10/site-packages/jupyter_server/base/handlers.py", line 784, in get_login_url
        raise web.HTTPError(403)
    tornado.web.HTTPError: HTTP 403: Forbidden
[W 2026-02-10 17:35:36.689 ServerApp] 403 GET /api/kernels?1770762936677 (@10.1.38.7) 0.46ms referer=None
[W 2026-02-10 17:35:36.691 ServerApp] wrote error: 'Forbidden'
    Traceback (most recent call last):
      File "/orcd/software/core/001/pkg/miniforge/24.3.0-0/lib/python3.10/site-packages/tornado/web.py", line 1788, in _execute
        result = method(*self.path_args, **self.path_kwargs)
      File "/orcd/software/core/001/pkg/miniforge/24.3.0-0/lib/python3.10/site-packages/tornado/web.py", line 3289, in wrapper
        url = self.get_login_url()
      File "/orcd/software/core/001/pkg/miniforge/24.3.0-0/lib/python3.10/site-packages/jupyter_server/base/handlers.py", line 784, in get_login_url
        raise web.HTTPError(403)
    tornado.web.HTTPError: HTTP 403: Forbidden
[W 2026-02-10 17:35:36.691 ServerApp] 403 GET /api/kernels?1770762936681 (@10.1.38.7) 0.45ms referer=None
[W 2026-02-10 17:35:36.698 ServerApp] wrote error: 'Forbidden'
    Traceback (most recent call last):
      File "/orcd/software/core/001/pkg/miniforge/24.3.0-0/lib/python3.10/site-packages/tornado/web.py", line 1788, in _execute
        result = method(*self.path_args, **self.path_kwargs)
      File "/orcd/software/core/001/pkg/miniforge/24.3.0-0/lib/python3.10/site-packages/tornado/web.py", line 3289, in wrapper
        url = self.get_login_url()
      File "/orcd/software/core/001/pkg/miniforge/24.3.0-0/lib/python3.10/site-packages/jupyter_server/base/handlers.py", line 784, in get_login_url
        raise web.HTTPError(403)
    tornado.web.HTTPError: HTTP 403: Forbidden
[W 2026-02-10 17:35:36.698 ServerApp] 403 GET /api/sessions?1770762936681 (@10.1.38.7) 0.47ms referer=None
[W 2026-02-10 17:35:36.702 ServerApp] wrote error: 'Forbidden'
    Traceback (most recent call last):
      File "/orcd/software/core/001/pkg/miniforge/24.3.0-0/lib/python3.10/site-packages/tornado/web.py", line 1788, in _execute
        result = method(*self.path_args, **self.path_kwargs)
      File "/orcd/software/core/001/pkg/miniforge/24.3.0-0/lib/python3.10/site-packages/tornado/web.py", line 3289, in wrapper
        url = self.get_login_url()
      File "/orcd/software/core/001/pkg/miniforge/24.3.0-0/lib/python3.10/site-packages/jupyter_server/base/handlers.py", line 784, in get_login_url
        raise web.HTTPError(403)
    tornado.web.HTTPError: HTTP 403: Forbidden
[W 2026-02-10 17:35:36.702 ServerApp] 403 GET /api/kernelspecs?1770762936690 (@10.1.38.7) 0.56ms referer=None
[I 2026-02-10 17:35:37.564 ServerApp] 302 GET / (@10.1.38.7) 0.38ms
[I 2026-02-10 17:35:37.566 LabApp] 302 GET /lab? (@10.1.38.7) 0.37ms
[I 2026-02-10 17:35:37.589 ServerApp] Connecting to kernel 0e0154e6-652f-4e44-bcee-781ac1b6fbc5.
[I 2026-02-10 17:35:37.802 ServerApp] 302 GET / (@10.1.38.7) 2.26ms
[I 2026-02-10 17:35:37.802 ServerApp] 302 GET / (@10.1.38.7) 2.31ms
[I 2026-02-10 17:35:37.811 LabApp] 302 GET /lab? (@10.1.38.7) 0.53ms
[I 2026-02-10 17:35:37.811 LabApp] 302 GET /lab? (@10.1.38.7) 0.61ms
[W 2026-02-10 17:35:37.818 ServerApp] wrote error: 'Forbidden'
    Traceback (most recent call last):
      File "/orcd/software/core/001/pkg/miniforge/24.3.0-0/lib/python3.10/site-packages/tornado/web.py", line 1788, in _execute
        result = method(*self.path_args, **self.path_kwargs)
      File "/orcd/software/core/001/pkg/miniforge/24.3.0-0/lib/python3.10/site-packages/tornado/web.py", line 3289, in wrapper
        url = self.get_login_url()
      File "/orcd/software/core/001/pkg/miniforge/24.3.0-0/lib/python3.10/site-packages/jupyter_server/base/handlers.py", line 784, in get_login_url
        raise web.HTTPError(403)
    tornado.web.HTTPError: HTTP 403: Forbidden
[W 2026-02-10 17:35:37.818 ServerApp] 403 GET /api/kernelspecs?1770762937816 (@10.1.38.7) 0.52ms referer=None
[W 2026-02-10 17:35:37.821 ServerApp] wrote error: 'Forbidden'
    Traceback (most recent call last):
      File "/orcd/software/core/001/pkg/miniforge/24.3.0-0/lib/python3.10/site-packages/tornado/web.py", line 1788, in _execute
        result = method(*self.path_args, **self.path_kwargs)
      File "/orcd/software/core/001/pkg/miniforge/24.3.0-0/lib/python3.10/site-packages/tornado/web.py", line 3289, in wrapper
        url = self.get_login_url()
      File "/orcd/software/core/001/pkg/miniforge/24.3.0-0/lib/python3.10/site-packages/jupyter_server/base/handlers.py", line 784, in get_login_url
        raise web.HTTPError(403)
    tornado.web.HTTPError: HTTP 403: Forbidden
[W 2026-02-10 17:35:37.821 ServerApp] 403 GET /api/kernelspecs?1770762937819 (@10.1.38.7) 0.50ms referer=None
[W 2026-02-10 17:35:37.825 ServerApp] wrote error: 'Forbidden'
    Traceback (most recent call last):
      File "/orcd/software/core/001/pkg/miniforge/24.3.0-0/lib/python3.10/site-packages/tornado/web.py", line 1788, in _execute
        result = method(*self.path_args, **self.path_kwargs)
      File "/orcd/software/core/001/pkg/miniforge/24.3.0-0/lib/python3.10/site-packages/tornado/web.py", line 3289, in wrapper
        url = self.get_login_url()
      File "/orcd/software/core/001/pkg/miniforge/24.3.0-0/lib/python3.10/site-packages/jupyter_server/base/handlers.py", line 784, in get_login_url
        raise web.HTTPError(403)
    tornado.web.HTTPError: HTTP 403: Forbidden
[W 2026-02-10 17:35:37.826 ServerApp] 403 GET /api/kernels?1770762937816 (@10.1.38.7) 0.58ms referer=None
[W 2026-02-10 17:35:37.826 ServerApp] wrote error: 'Forbidden'
    Traceback (most recent call last):
      File "/orcd/software/core/001/pkg/miniforge/24.3.0-0/lib/python3.10/site-packages/tornado/web.py", line 1788, in _execute
        result = method(*self.path_args, **self.path_kwargs)
      File "/orcd/software/core/001/pkg/miniforge/24.3.0-0/lib/python3.10/site-packages/tornado/web.py", line 3289, in wrapper
        url = self.get_login_url()
      File "/orcd/software/core/001/pkg/miniforge/24.3.0-0/lib/python3.10/site-packages/jupyter_server/base/handlers.py", line 784, in get_login_url
        raise web.HTTPError(403)
    tornado.web.HTTPError: HTTP 403: Forbidden
[W 2026-02-10 17:35:37.826 ServerApp] 403 GET /api/kernels?1770762937820 (@10.1.38.7) 0.52ms referer=None
[W 2026-02-10 17:35:37.827 ServerApp] wrote error: 'Forbidden'
    Traceback (most recent call last):
      File "/orcd/software/core/001/pkg/miniforge/24.3.0-0/lib/python3.10/site-packages/tornado/web.py", line 1788, in _execute
        result = method(*self.path_args, **self.path_kwargs)
      File "/orcd/software/core/001/pkg/miniforge/24.3.0-0/lib/python3.10/site-packages/tornado/web.py", line 3289, in wrapper
        url = self.get_login_url()
      File "/orcd/software/core/001/pkg/miniforge/24.3.0-0/lib/python3.10/site-packages/jupyter_server/base/handlers.py", line 784, in get_login_url
        raise web.HTTPError(403)
    tornado.web.HTTPError: HTTP 403: Forbidden
[W 2026-02-10 17:35:37.827 ServerApp] 403 GET /api/kernels?1770762937821 (@10.1.38.7) 0.81ms referer=None
[W 2026-02-10 17:35:37.827 ServerApp] wrote error: 'Forbidden'
    Traceback (most recent call last):
      File "/orcd/software/core/001/pkg/miniforge/24.3.0-0/lib/python3.10/site-packages/tornado/web.py", line 1788, in _execute
        result = method(*self.path_args, **self.path_kwargs)
      File "/orcd/software/core/001/pkg/miniforge/24.3.0-0/lib/python3.10/site-packages/tornado/web.py", line 3289, in wrapper
        url = self.get_login_url()
      File "/orcd/software/core/001/pkg/miniforge/24.3.0-0/lib/python3.10/site-packages/jupyter_server/base/handlers.py", line 784, in get_login_url
        raise web.HTTPError(403)
    tornado.web.HTTPError: HTTP 403: Forbidden
[W 2026-02-10 17:35:37.828 ServerApp] 403 GET /api/sessions?1770762937821 (@10.1.38.7) 1.08ms referer=None
[W 2026-02-10 17:35:37.828 ServerApp] wrote error: 'Forbidden'
    Traceback (most recent call last):
      File "/orcd/software/core/001/pkg/miniforge/24.3.0-0/lib/python3.10/site-packages/tornado/web.py", line 1788, in _execute
        result = method(*self.path_args, **self.path_kwargs)
      File "/orcd/software/core/001/pkg/miniforge/24.3.0-0/lib/python3.10/site-packages/tornado/web.py", line 3289, in wrapper
        url = self.get_login_url()
      File "/orcd/software/core/001/pkg/miniforge/24.3.0-0/lib/python3.10/site-packages/jupyter_server/base/handlers.py", line 784, in get_login_url
        raise web.HTTPError(403)
    tornado.web.HTTPError: HTTP 403: Forbidden
[W 2026-02-10 17:35:37.828 ServerApp] 403 GET /api/kernels?1770762937822 (@10.1.38.7) 1.34ms referer=None
[W 2026-02-10 17:35:37.829 ServerApp] wrote error: 'Forbidden'
    Traceback (most recent call last):
      File "/orcd/software/core/001/pkg/miniforge/24.3.0-0/lib/python3.10/site-packages/tornado/web.py", line 1788, in _execute
        result = method(*self.path_args, **self.path_kwargs)
      File "/orcd/software/core/001/pkg/miniforge/24.3.0-0/lib/python3.10/site-packages/tornado/web.py", line 3289, in wrapper
        url = self.get_login_url()
      File "/orcd/software/core/001/pkg/miniforge/24.3.0-0/lib/python3.10/site-packages/jupyter_server/base/handlers.py", line 784, in get_login_url
        raise web.HTTPError(403)
    tornado.web.HTTPError: HTTP 403: Forbidden
[W 2026-02-10 17:35:37.829 ServerApp] 403 GET /api/kernelspecs?1770762937825 (@10.1.38.7) 0.65ms referer=None
[W 2026-02-10 17:35:37.829 ServerApp] wrote error: 'Forbidden'
    Traceback (most recent call last):
      File "/orcd/software/core/001/pkg/miniforge/24.3.0-0/lib/python3.10/site-packages/tornado/web.py", line 1788, in _execute
        result = method(*self.path_args, **self.path_kwargs)
      File "/orcd/software/core/001/pkg/miniforge/24.3.0-0/lib/python3.10/site-packages/tornado/web.py", line 3289, in wrapper
        url = self.get_login_url()
      File "/orcd/software/core/001/pkg/miniforge/24.3.0-0/lib/python3.10/site-packages/jupyter_server/base/handlers.py", line 784, in get_login_url
        raise web.HTTPError(403)
    tornado.web.HTTPError: HTTP 403: Forbidden
[W 2026-02-10 17:35:37.830 ServerApp] 403 GET /api/sessions?1770762937822 (@10.1.38.7) 0.54ms referer=None
[W 2026-02-10 17:35:37.830 ServerApp] wrote error: 'Forbidden'
    Traceback (most recent call last):
      File "/orcd/software/core/001/pkg/miniforge/24.3.0-0/lib/python3.10/site-packages/tornado/web.py", line 1788, in _execute
        result = method(*self.path_args, **self.path_kwargs)
      File "/orcd/software/core/001/pkg/miniforge/24.3.0-0/lib/python3.10/site-packages/tornado/web.py", line 3289, in wrapper
        url = self.get_login_url()
      File "/orcd/software/core/001/pkg/miniforge/24.3.0-0/lib/python3.10/site-packages/jupyter_server/base/handlers.py", line 784, in get_login_url
        raise web.HTTPError(403)
    tornado.web.HTTPError: HTTP 403: Forbidden
[W 2026-02-10 17:35:37.830 ServerApp] 403 GET /api/kernelspecs?1770762937825 (@10.1.38.7) 0.50ms referer=None
[I 2026-02-10 17:35:37.832 ServerApp] 302 GET / (@10.1.38.7) 0.20ms
[I 2026-02-10 17:35:37.847 ServerApp] 302 GET / (@10.1.38.7) 0.24ms
[I 2026-02-10 17:35:37.850 LabApp] 302 GET /lab? (@10.1.38.7) 0.28ms
[I 2026-02-10 17:35:37.851 LabApp] 302 GET /lab? (@10.1.38.7) 0.27ms
[W 2026-02-10 17:35:37.854 ServerApp] wrote error: 'Forbidden'
    Traceback (most recent call last):
      File "/orcd/software/core/001/pkg/miniforge/24.3.0-0/lib/python3.10/site-packages/tornado/web.py", line 1788, in _execute
        result = method(*self.path_args, **self.path_kwargs)
      File "/orcd/software/core/001/pkg/miniforge/24.3.0-0/lib/python3.10/site-packages/tornado/web.py", line 3289, in wrapper
        url = self.get_login_url()
      File "/orcd/software/core/001/pkg/miniforge/24.3.0-0/lib/python3.10/site-packages/jupyter_server/base/handlers.py", line 784, in get_login_url
        raise web.HTTPError(403)
    tornado.web.HTTPError: HTTP 403: Forbidden
[W 2026-02-10 17:35:37.854 ServerApp] 403 GET /api/kernelspecs?1770762937852 (@10.1.38.7) 0.48ms referer=None
[W 2026-02-10 17:35:37.859 ServerApp] wrote error: 'Forbidden'
    Traceback (most recent call last):
      File "/orcd/software/core/001/pkg/miniforge/24.3.0-0/lib/python3.10/site-packages/tornado/web.py", line 1788, in _execute
        result = method(*self.path_args, **self.path_kwargs)
      File "/orcd/software/core/001/pkg/miniforge/24.3.0-0/lib/python3.10/site-packages/tornado/web.py", line 3289, in wrapper
        url = self.get_login_url()
      File "/orcd/software/core/001/pkg/miniforge/24.3.0-0/lib/python3.10/site-packages/jupyter_server/base/handlers.py", line 784, in get_login_url
        raise web.HTTPError(403)
    tornado.web.HTTPError: HTTP 403: Forbidden
[W 2026-02-10 17:35:37.859 ServerApp] 403 GET /api/kernels?1770762937853 (@10.1.38.7) 0.52ms referer=None
[W 2026-02-10 17:35:37.859 ServerApp] wrote error: 'Forbidden'
    Traceback (most recent call last):
      File "/orcd/software/core/001/pkg/miniforge/24.3.0-0/lib/python3.10/site-packages/tornado/web.py", line 1788, in _execute
        result = method(*self.path_args, **self.path_kwargs)
      File "/orcd/software/core/001/pkg/miniforge/24.3.0-0/lib/python3.10/site-packages/tornado/web.py", line 3289, in wrapper
        url = self.get_login_url()
      File "/orcd/software/core/001/pkg/miniforge/24.3.0-0/lib/python3.10/site-packages/jupyter_server/base/handlers.py", line 784, in get_login_url
        raise web.HTTPError(403)
    tornado.web.HTTPError: HTTP 403: Forbidden
[W 2026-02-10 17:35:37.860 ServerApp] 403 GET /api/kernels?1770762937854 (@10.1.38.7) 0.52ms referer=None
[W 2026-02-10 17:35:37.860 ServerApp] wrote error: 'Forbidden'
    Traceback (most recent call last):
      File "/orcd/software/core/001/pkg/miniforge/24.3.0-0/lib/python3.10/site-packages/tornado/web.py", line 1788, in _execute
        result = method(*self.path_args, **self.path_kwargs)
      File "/orcd/software/core/001/pkg/miniforge/24.3.0-0/lib/python3.10/site-packages/tornado/web.py", line 3289, in wrapper
        url = self.get_login_url()
      File "/orcd/software/core/001/pkg/miniforge/24.3.0-0/lib/python3.10/site-packages/jupyter_server/base/handlers.py", line 784, in get_login_url
        raise web.HTTPError(403)
    tornado.web.HTTPError: HTTP 403: Forbidden
[W 2026-02-10 17:35:37.860 ServerApp] 403 GET /api/sessions?1770762937854 (@10.1.38.7) 0.52ms referer=None
[W 2026-02-10 17:35:37.861 ServerApp] wrote error: 'Forbidden'
    Traceback (most recent call last):
      File "/orcd/software/core/001/pkg/miniforge/24.3.0-0/lib/python3.10/site-packages/tornado/web.py", line 1788, in _execute
        result = method(*self.path_args, **self.path_kwargs)
      File "/orcd/software/core/001/pkg/miniforge/24.3.0-0/lib/python3.10/site-packages/tornado/web.py", line 3289, in wrapper
        url = self.get_login_url()
      File "/orcd/software/core/001/pkg/miniforge/24.3.0-0/lib/python3.10/site-packages/jupyter_server/base/handlers.py", line 784, in get_login_url
        raise web.HTTPError(403)
    tornado.web.HTTPError: HTTP 403: Forbidden
[W 2026-02-10 17:35:37.861 ServerApp] 403 GET /api/kernelspecs?1770762937859 (@10.1.38.7) 0.46ms referer=None
[W 2026-02-10 17:35:37.864 ServerApp] wrote error: 'Forbidden'
    Traceback (most recent call last):
      File "/orcd/software/core/001/pkg/miniforge/24.3.0-0/lib/python3.10/site-packages/tornado/web.py", line 1788, in _execute
        result = method(*self.path_args, **self.path_kwargs)
      File "/orcd/software/core/001/pkg/miniforge/24.3.0-0/lib/python3.10/site-packages/tornado/web.py", line 3289, in wrapper
        url = self.get_login_url()
      File "/orcd/software/core/001/pkg/miniforge/24.3.0-0/lib/python3.10/site-packages/jupyter_server/base/handlers.py", line 784, in get_login_url
        raise web.HTTPError(403)
    tornado.web.HTTPError: HTTP 403: Forbidden
[W 2026-02-10 17:35:37.864 ServerApp] 403 GET /api/kernelspecs?1770762937858 (@10.1.38.7) 0.57ms referer=None
[W 2026-02-10 17:35:37.865 ServerApp] wrote error: 'Forbidden'
    Traceback (most recent call last):
      File "/orcd/software/core/001/pkg/miniforge/24.3.0-0/lib/python3.10/site-packages/tornado/web.py", line 1788, in _execute
        result = method(*self.path_args, **self.path_kwargs)
      File "/orcd/software/core/001/pkg/miniforge/24.3.0-0/lib/python3.10/site-packages/tornado/web.py", line 3289, in wrapper
        url = self.get_login_url()
      File "/orcd/software/core/001/pkg/miniforge/24.3.0-0/lib/python3.10/site-packages/jupyter_server/base/handlers.py", line 784, in get_login_url
        raise web.HTTPError(403)
    tornado.web.HTTPError: HTTP 403: Forbidden
[W 2026-02-10 17:35:37.865 ServerApp] 403 GET /api/kernels?1770762937859 (@10.1.38.7) 0.60ms referer=None
[W 2026-02-10 17:35:37.865 ServerApp] wrote error: 'Forbidden'
    Traceback (most recent call last):
      File "/orcd/software/core/001/pkg/miniforge/24.3.0-0/lib/python3.10/site-packages/tornado/web.py", line 1788, in _execute
        result = method(*self.path_args, **self.path_kwargs)
      File "/orcd/software/core/001/pkg/miniforge/24.3.0-0/lib/python3.10/site-packages/tornado/web.py", line 3289, in wrapper
        url = self.get_login_url()
      File "/orcd/software/core/001/pkg/miniforge/24.3.0-0/lib/python3.10/site-packages/jupyter_server/base/handlers.py", line 784, in get_login_url
        raise web.HTTPError(403)
    tornado.web.HTTPError: HTTP 403: Forbidden
[W 2026-02-10 17:35:37.866 ServerApp] 403 GET /api/kernels?1770762937862 (@10.1.38.7) 0.86ms referer=None
[W 2026-02-10 17:35:37.866 ServerApp] wrote error: 'Forbidden'
    Traceback (most recent call last):
      File "/orcd/software/core/001/pkg/miniforge/24.3.0-0/lib/python3.10/site-packages/tornado/web.py", line 1788, in _execute
        result = method(*self.path_args, **self.path_kwargs)
      File "/orcd/software/core/001/pkg/miniforge/24.3.0-0/lib/python3.10/site-packages/tornado/web.py", line 3289, in wrapper
        url = self.get_login_url()
      File "/orcd/software/core/001/pkg/miniforge/24.3.0-0/lib/python3.10/site-packages/jupyter_server/base/handlers.py", line 784, in get_login_url
        raise web.HTTPError(403)
    tornado.web.HTTPError: HTTP 403: Forbidden
[W 2026-02-10 17:35:37.867 ServerApp] 403 GET /api/kernelspecs?1770762937864 (@10.1.38.7) 0.64ms referer=None
[W 2026-02-10 17:35:37.867 ServerApp] wrote error: 'Forbidden'
    Traceback (most recent call last):
      File "/orcd/software/core/001/pkg/miniforge/24.3.0-0/lib/python3.10/site-packages/tornado/web.py", line 1788, in _execute
        result = method(*self.path_args, **self.path_kwargs)
      File "/orcd/software/core/001/pkg/miniforge/24.3.0-0/lib/python3.10/site-packages/tornado/web.py", line 3289, in wrapper
        url = self.get_login_url()
      File "/orcd/software/core/001/pkg/miniforge/24.3.0-0/lib/python3.10/site-packages/jupyter_server/base/handlers.py", line 784, in get_login_url
        raise web.HTTPError(403)
    tornado.web.HTTPError: HTTP 403: Forbidden
[W 2026-02-10 17:35:37.867 ServerApp] 403 GET /api/sessions?1770762937862 (@10.1.38.7) 0.86ms referer=None
[I 2026-02-10 17:35:39.544 ServerApp] 302 GET / (@10.1.38.7) 0.23ms
[I 2026-02-10 17:35:39.544 ServerApp] 302 GET / (@10.1.38.7) 0.21ms
[I 2026-02-10 17:35:39.578 LabApp] 302 GET /lab? (@10.1.38.7) 0.32ms
[I 2026-02-10 17:35:39.579 LabApp] 302 GET /lab? (@10.1.38.7) 0.27ms
[W 2026-02-10 17:35:39.612 ServerApp] wrote error: 'Forbidden'
    Traceback (most recent call last):
      File "/orcd/software/core/001/pkg/miniforge/24.3.0-0/lib/python3.10/site-packages/tornado/web.py", line 1788, in _execute
        result = method(*self.path_args, **self.path_kwargs)
      File "/orcd/software/core/001/pkg/miniforge/24.3.0-0/lib/python3.10/site-packages/tornado/web.py", line 3289, in wrapper
        url = self.get_login_url()
      File "/orcd/software/core/001/pkg/miniforge/24.3.0-0/lib/python3.10/site-packages/jupyter_server/base/handlers.py", line 784, in get_login_url
        raise web.HTTPError(403)
    tornado.web.HTTPError: HTTP 403: Forbidden
[W 2026-02-10 17:35:39.613 ServerApp] 403 GET /api/kernelspecs?1770762939610 (@10.1.38.7) 0.60ms referer=None
[W 2026-02-10 17:35:39.614 ServerApp] wrote error: 'Forbidden'
    Traceback (most recent call last):
      File "/orcd/software/core/001/pkg/miniforge/24.3.0-0/lib/python3.10/site-packages/tornado/web.py", line 1788, in _execute
        result = method(*self.path_args, **self.path_kwargs)
      File "/orcd/software/core/001/pkg/miniforge/24.3.0-0/lib/python3.10/site-packages/tornado/web.py", line 3289, in wrapper
        url = self.get_login_url()
      File "/orcd/software/core/001/pkg/miniforge/24.3.0-0/lib/python3.10/site-packages/jupyter_server/base/handlers.py", line 784, in get_login_url
        raise web.HTTPError(403)
    tornado.web.HTTPError: HTTP 403: Forbidden
[W 2026-02-10 17:35:39.614 ServerApp] 403 GET /api/kernelspecs?1770762939612 (@10.1.38.7) 0.48ms referer=None
[W 2026-02-10 17:35:39.620 ServerApp] wrote error: 'Forbidden'
    Traceback (most recent call last):
      File "/orcd/software/core/001/pkg/miniforge/24.3.0-0/lib/python3.10/site-packages/tornado/web.py", line 1788, in _execute
        result = method(*self.path_args, **self.path_kwargs)
      File "/orcd/software/core/001/pkg/miniforge/24.3.0-0/lib/python3.10/site-packages/tornado/web.py", line 3289, in wrapper
        url = self.get_login_url()
      File "/orcd/software/core/001/pkg/miniforge/24.3.0-0/lib/python3.10/site-packages/jupyter_server/base/handlers.py", line 784, in get_login_url
        raise web.HTTPError(403)
    tornado.web.HTTPError: HTTP 403: Forbidden
[W 2026-02-10 17:35:39.621 ServerApp] 403 GET /api/kernels?1770762939611 (@10.1.38.7) 0.79ms referer=None
[W 2026-02-10 17:35:39.621 ServerApp] wrote error: 'Forbidden'
    Traceback (most recent call last):
      File "/orcd/software/core/001/pkg/miniforge/24.3.0-0/lib/python3.10/site-packages/tornado/web.py", line 1788, in _execute
        result = method(*self.path_args, **self.path_kwargs)
      File "/orcd/software/core/001/pkg/miniforge/24.3.0-0/lib/python3.10/site-packages/tornado/web.py", line 3289, in wrapper
        url = self.get_login_url()
      File "/orcd/software/core/001/pkg/miniforge/24.3.0-0/lib/python3.10/site-packages/jupyter_server/base/handlers.py", line 784, in get_login_url
        raise web.HTTPError(403)
    tornado.web.HTTPError: HTTP 403: Forbidden
[W 2026-02-10 17:35:39.621 ServerApp] 403 GET /api/kernels?1770762939612 (@10.1.38.7) 1.04ms referer=None
[W 2026-02-10 17:35:39.622 ServerApp] wrote error: 'Forbidden'
    Traceback (most recent call last):
      File "/orcd/software/core/001/pkg/miniforge/24.3.0-0/lib/python3.10/site-packages/tornado/web.py", line 1788, in _execute
        result = method(*self.path_args, **self.path_kwargs)
      File "/orcd/software/core/001/pkg/miniforge/24.3.0-0/lib/python3.10/site-packages/tornado/web.py", line 3289, in wrapper
        url = self.get_login_url()
      File "/orcd/software/core/001/pkg/miniforge/24.3.0-0/lib/python3.10/site-packages/jupyter_server/base/handlers.py", line 784, in get_login_url
        raise web.HTTPError(403)
    tornado.web.HTTPError: HTTP 403: Forbidden
[W 2026-02-10 17:35:39.622 ServerApp] 403 GET /api/kernels?1770762939614 (@10.1.38.7) 0.81ms referer=None
[W 2026-02-10 17:35:39.622 ServerApp] wrote error: 'Forbidden'
    Traceback (most recent call last):
      File "/orcd/software/core/001/pkg/miniforge/24.3.0-0/lib/python3.10/site-packages/tornado/web.py", line 1788, in _execute
        result = method(*self.path_args, **self.path_kwargs)
      File "/orcd/software/core/001/pkg/miniforge/24.3.0-0/lib/python3.10/site-packages/tornado/web.py", line 3289, in wrapper
        url = self.get_login_url()
      File "/orcd/software/core/001/pkg/miniforge/24.3.0-0/lib/python3.10/site-packages/jupyter_server/base/handlers.py", line 784, in get_login_url
        raise web.HTTPError(403)
    tornado.web.HTTPError: HTTP 403: Forbidden
[W 2026-02-10 17:35:39.622 ServerApp] 403 GET /api/sessions?1770762939615 (@10.1.38.7) 1.10ms referer=None
[W 2026-02-10 17:35:39.623 ServerApp] wrote error: 'Forbidden'
    Traceback (most recent call last):
      File "/orcd/software/core/001/pkg/miniforge/24.3.0-0/lib/python3.10/site-packages/tornado/web.py", line 1788, in _execute
        result = method(*self.path_args, **self.path_kwargs)
      File "/orcd/software/core/001/pkg/miniforge/24.3.0-0/lib/python3.10/site-packages/tornado/web.py", line 3289, in wrapper
        url = self.get_login_url()
      File "/orcd/software/core/001/pkg/miniforge/24.3.0-0/lib/python3.10/site-packages/jupyter_server/base/handlers.py", line 784, in get_login_url
        raise web.HTTPError(403)
    tornado.web.HTTPError: HTTP 403: Forbidden
[W 2026-02-10 17:35:39.623 ServerApp] 403 GET /api/kernels?1770762939615 (@10.1.38.7) 1.36ms referer=None
[W 2026-02-10 17:35:39.624 ServerApp] wrote error: 'Forbidden'
    Traceback (most recent call last):
      File "/orcd/software/core/001/pkg/miniforge/24.3.0-0/lib/python3.10/site-packages/tornado/web.py", line 1788, in _execute
        result = method(*self.path_args, **self.path_kwargs)
      File "/orcd/software/core/001/pkg/miniforge/24.3.0-0/lib/python3.10/site-packages/tornado/web.py", line 3289, in wrapper
        url = self.get_login_url()
      File "/orcd/software/core/001/pkg/miniforge/24.3.0-0/lib/python3.10/site-packages/jupyter_server/base/handlers.py", line 784, in get_login_url
        raise web.HTTPError(403)
    tornado.web.HTTPError: HTTP 403: Forbidden
[W 2026-02-10 17:35:39.624 ServerApp] 403 GET /api/sessions?1770762939616 (@10.1.38.7) 0.78ms referer=None
[W 2026-02-10 17:35:39.624 ServerApp] wrote error: 'Forbidden'
    Traceback (most recent call last):
      File "/orcd/software/core/001/pkg/miniforge/24.3.0-0/lib/python3.10/site-packages/tornado/web.py", line 1788, in _execute
        result = method(*self.path_args, **self.path_kwargs)
      File "/orcd/software/core/001/pkg/miniforge/24.3.0-0/lib/python3.10/site-packages/tornado/web.py", line 3289, in wrapper
        url = self.get_login_url()
      File "/orcd/software/core/001/pkg/miniforge/24.3.0-0/lib/python3.10/site-packages/jupyter_server/base/handlers.py", line 784, in get_login_url
        raise web.HTTPError(403)
    tornado.web.HTTPError: HTTP 403: Forbidden
[W 2026-02-10 17:35:39.624 ServerApp] 403 GET /api/kernelspecs?1770762939618 (@10.1.38.7) 1.01ms referer=None
[W 2026-02-10 17:35:39.625 ServerApp] wrote error: 'Forbidden'
    Traceback (most recent call last):
      File "/orcd/software/core/001/pkg/miniforge/24.3.0-0/lib/python3.10/site-packages/tornado/web.py", line 1788, in _execute
        result = method(*self.path_args, **self.path_kwargs)
      File "/orcd/software/core/001/pkg/miniforge/24.3.0-0/lib/python3.10/site-packages/tornado/web.py", line 3289, in wrapper
        url = self.get_login_url()
      File "/orcd/software/core/001/pkg/miniforge/24.3.0-0/lib/python3.10/site-packages/jupyter_server/base/handlers.py", line 784, in get_login_url
        raise web.HTTPError(403)
    tornado.web.HTTPError: HTTP 403: Forbidden
[W 2026-02-10 17:35:39.625 ServerApp] 403 GET /api/kernelspecs?1770762939618 (@10.1.38.7) 0.51ms referer=None
[I 2026-02-10 17:35:39.626 ServerApp] 302 GET / (@10.1.38.7) 0.26ms
[I 2026-02-10 17:35:39.647 ServerApp] 302 GET / (@10.1.38.7) 0.24ms
[I 2026-02-10 17:35:39.649 LabApp] 302 GET /lab? (@10.1.38.7) 0.27ms
[I 2026-02-10 17:35:39.650 LabApp] 302 GET /lab? (@10.1.38.7) 0.26ms
[W 2026-02-10 17:35:39.653 ServerApp] wrote error: 'Forbidden'
    Traceback (most recent call last):
      File "/orcd/software/core/001/pkg/miniforge/24.3.0-0/lib/python3.10/site-packages/tornado/web.py", line 1788, in _execute
        result = method(*self.path_args, **self.path_kwargs)
      File "/orcd/software/core/001/pkg/miniforge/24.3.0-0/lib/python3.10/site-packages/tornado/web.py", line 3289, in wrapper
        url = self.get_login_url()
      File "/orcd/software/core/001/pkg/miniforge/24.3.0-0/lib/python3.10/site-packages/jupyter_server/base/handlers.py", line 784, in get_login_url
        raise web.HTTPError(403)
    tornado.web.HTTPError: HTTP 403: Forbidden
[W 2026-02-10 17:35:39.653 ServerApp] 403 GET /api/kernelspecs?1770762939651 (@10.1.38.7) 0.49ms referer=None
[W 2026-02-10 17:35:39.656 ServerApp] wrote error: 'Forbidden'
    Traceback (most recent call last):
      File "/orcd/software/core/001/pkg/miniforge/24.3.0-0/lib/python3.10/site-packages/tornado/web.py", line 1788, in _execute
        result = method(*self.path_args, **self.path_kwargs)
      File "/orcd/software/core/001/pkg/miniforge/24.3.0-0/lib/python3.10/site-packages/tornado/web.py", line 3289, in wrapper
        url = self.get_login_url()
      File "/orcd/software/core/001/pkg/miniforge/24.3.0-0/lib/python3.10/site-packages/jupyter_server/base/handlers.py", line 784, in get_login_url
        raise web.HTTPError(403)
    tornado.web.HTTPError: HTTP 403: Forbidden
[W 2026-02-10 17:35:39.657 ServerApp] 403 GET /api/kernelspecs?1770762939654 (@10.1.38.7) 0.51ms referer=None
[W 2026-02-10 17:35:39.657 ServerApp] wrote error: 'Forbidden'
    Traceback (most recent call last):
      File "/orcd/software/core/001/pkg/miniforge/24.3.0-0/lib/python3.10/site-packages/tornado/web.py", line 1788, in _execute
        result = method(*self.path_args, **self.path_kwargs)
      File "/orcd/software/core/001/pkg/miniforge/24.3.0-0/lib/python3.10/site-packages/tornado/web.py", line 3289, in wrapper
        url = self.get_login_url()
      File "/orcd/software/core/001/pkg/miniforge/24.3.0-0/lib/python3.10/site-packages/jupyter_server/base/handlers.py", line 784, in get_login_url
        raise web.HTTPError(403)
    tornado.web.HTTPError: HTTP 403: Forbidden
[W 2026-02-10 17:35:39.657 ServerApp] 403 GET /api/kernels?1770762939652 (@10.1.38.7) 0.51ms referer=None
[W 2026-02-10 17:35:39.658 ServerApp] wrote error: 'Forbidden'
    Traceback (most recent call last):
      File "/orcd/software/core/001/pkg/miniforge/24.3.0-0/lib/python3.10/site-packages/tornado/web.py", line 1788, in _execute
        result = method(*self.path_args, **self.path_kwargs)
      File "/orcd/software/core/001/pkg/miniforge/24.3.0-0/lib/python3.10/site-packages/tornado/web.py", line 3289, in wrapper
        url = self.get_login_url()
      File "/orcd/software/core/001/pkg/miniforge/24.3.0-0/lib/python3.10/site-packages/jupyter_server/base/handlers.py", line 784, in get_login_url
        raise web.HTTPError(403)
    tornado.web.HTTPError: HTTP 403: Forbidden
[W 2026-02-10 17:35:39.658 ServerApp] 403 GET /api/kernels?1770762939653 (@10.1.38.7) 0.48ms referer=None
[W 2026-02-10 17:35:39.659 ServerApp] wrote error: 'Forbidden'
    Traceback (most recent call last):
      File "/orcd/software/core/001/pkg/miniforge/24.3.0-0/lib/python3.10/site-packages/tornado/web.py", line 1788, in _execute
        result = method(*self.path_args, **self.path_kwargs)
      File "/orcd/software/core/001/pkg/miniforge/24.3.0-0/lib/python3.10/site-packages/tornado/web.py", line 3289, in wrapper
        url = self.get_login_url()
      File "/orcd/software/core/001/pkg/miniforge/24.3.0-0/lib/python3.10/site-packages/jupyter_server/base/handlers.py", line 784, in get_login_url
        raise web.HTTPError(403)
    tornado.web.HTTPError: HTTP 403: Forbidden
[W 2026-02-10 17:35:39.659 ServerApp] 403 GET /api/sessions?1770762939653 (@10.1.38.7) 0.49ms referer=None
[W 2026-02-10 17:35:39.660 ServerApp] wrote error: 'Forbidden'
    Traceback (most recent call last):
      File "/orcd/software/core/001/pkg/miniforge/24.3.0-0/lib/python3.10/site-packages/tornado/web.py", line 1788, in _execute
        result = method(*self.path_args, **self.path_kwargs)
      File "/orcd/software/core/001/pkg/miniforge/24.3.0-0/lib/python3.10/site-packages/tornado/web.py", line 3289, in wrapper
        url = self.get_login_url()
      File "/orcd/software/core/001/pkg/miniforge/24.3.0-0/lib/python3.10/site-packages/jupyter_server/base/handlers.py", line 784, in get_login_url
        raise web.HTTPError(403)
    tornado.web.HTTPError: HTTP 403: Forbidden
[W 2026-02-10 17:35:39.660 ServerApp] 403 GET /api/sessions?1770762939657 (@10.1.38.7) 0.59ms referer=None
[W 2026-02-10 17:35:39.661 ServerApp] wrote error: 'Forbidden'
    Traceback (most recent call last):
      File "/orcd/software/core/001/pkg/miniforge/24.3.0-0/lib/python3.10/site-packages/tornado/web.py", line 1788, in _execute
        result = method(*self.path_args, **self.path_kwargs)
      File "/orcd/software/core/001/pkg/miniforge/24.3.0-0/lib/python3.10/site-packages/tornado/web.py", line 3289, in wrapper
        url = self.get_login_url()
      File "/orcd/software/core/001/pkg/miniforge/24.3.0-0/lib/python3.10/site-packages/jupyter_server/base/handlers.py", line 784, in get_login_url
        raise web.HTTPError(403)
    tornado.web.HTTPError: HTTP 403: Forbidden
[W 2026-02-10 17:35:39.661 ServerApp] 403 GET /api/kernels?1770762939655 (@10.1.38.7) 0.78ms referer=None
[W 2026-02-10 17:35:39.661 ServerApp] wrote error: 'Forbidden'
    Traceback (most recent call last):
      File "/orcd/software/core/001/pkg/miniforge/24.3.0-0/lib/python3.10/site-packages/tornado/web.py", line 1788, in _execute
        result = method(*self.path_args, **self.path_kwargs)
      File "/orcd/software/core/001/pkg/miniforge/24.3.0-0/lib/python3.10/site-packages/tornado/web.py", line 3289, in wrapper
        url = self.get_login_url()
      File "/orcd/software/core/001/pkg/miniforge/24.3.0-0/lib/python3.10/site-packages/jupyter_server/base/handlers.py", line 784, in get_login_url
        raise web.HTTPError(403)
    tornado.web.HTTPError: HTTP 403: Forbidden
[W 2026-02-10 17:35:39.661 ServerApp] 403 GET /api/kernelspecs?1770762939656 (@10.1.38.7) 1.05ms referer=None
[W 2026-02-10 17:35:39.661 ServerApp] wrote error: 'Forbidden'
    Traceback (most recent call last):
      File "/orcd/software/core/001/pkg/miniforge/24.3.0-0/lib/python3.10/site-packages/tornado/web.py", line 1788, in _execute
        result = method(*self.path_args, **self.path_kwargs)
      File "/orcd/software/core/001/pkg/miniforge/24.3.0-0/lib/python3.10/site-packages/tornado/web.py", line 3289, in wrapper
        url = self.get_login_url()
      File "/orcd/software/core/001/pkg/miniforge/24.3.0-0/lib/python3.10/site-packages/jupyter_server/base/handlers.py", line 784, in get_login_url
        raise web.HTTPError(403)
    tornado.web.HTTPError: HTTP 403: Forbidden
[W 2026-02-10 17:35:39.662 ServerApp] 403 GET /api/kernels?1770762939656 (@10.1.38.7) 1.33ms referer=None
[W 2026-02-10 17:35:39.662 ServerApp] wrote error: 'Forbidden'
    Traceback (most recent call last):
      File "/orcd/software/core/001/pkg/miniforge/24.3.0-0/lib/python3.10/site-packages/tornado/web.py", line 1788, in _execute
        result = method(*self.path_args, **self.path_kwargs)
      File "/orcd/software/core/001/pkg/miniforge/24.3.0-0/lib/python3.10/site-packages/tornado/web.py", line 3289, in wrapper
        url = self.get_login_url()
      File "/orcd/software/core/001/pkg/miniforge/24.3.0-0/lib/python3.10/site-packages/jupyter_server/base/handlers.py", line 784, in get_login_url
        raise web.HTTPError(403)
    tornado.web.HTTPError: HTTP 403: Forbidden
[W 2026-02-10 17:35:39.662 ServerApp] 403 GET /api/kernelspecs?1770762939659 (@10.1.38.7) 0.56ms referer=None
[I 2026-02-10 21:30:16.315 ServerApp] Starting buffering for 0e0154e6-652f-4e44-bcee-781ac1b6fbc5:0e7e3909-0f69-4e4d-a421-fb2987298f86
[I 2026-02-10 21:49:53.731 ServerApp] 302 GET / (@10.1.38.7) 0.49ms
[I 2026-02-10 21:49:53.838 LabApp] 302 GET /lab? (@10.1.38.7) 0.58ms
[I 2026-02-10 21:49:53.899 ServerApp] 302 GET / (@10.1.38.7) 0.27ms
[I 2026-02-10 21:49:53.957 LabApp] 302 GET /lab? (@10.1.38.7) 0.43ms
[I 2026-02-10 21:49:54.044 ServerApp] 302 GET / (@10.1.38.7) 0.31ms
[W 2026-02-10 21:49:54.055 ServerApp] wrote error: 'Forbidden'
    Traceback (most recent call last):
      File "/orcd/software/core/001/pkg/miniforge/24.3.0-0/lib/python3.10/site-packages/tornado/web.py", line 1788, in _execute
        result = method(*self.path_args, **self.path_kwargs)
      File "/orcd/software/core/001/pkg/miniforge/24.3.0-0/lib/python3.10/site-packages/tornado/web.py", line 3289, in wrapper
        url = self.get_login_url()
      File "/orcd/software/core/001/pkg/miniforge/24.3.0-0/lib/python3.10/site-packages/jupyter_server/base/handlers.py", line 784, in get_login_url
        raise web.HTTPError(403)
    tornado.web.HTTPError: HTTP 403: Forbidden
[W 2026-02-10 21:49:54.056 ServerApp] 403 GET /api/kernelspecs?1770778194050 (@10.1.38.7) 1.13ms referer=None
[I 2026-02-10 21:49:54.069 LabApp] 302 GET /lab? (@10.1.38.7) 0.40ms
[W 2026-02-10 21:49:54.070 ServerApp] wrote error: 'Forbidden'
    Traceback (most recent call last):
      File "/orcd/software/core/001/pkg/miniforge/24.3.0-0/lib/python3.10/site-packages/tornado/web.py", line 1788, in _execute
        result = method(*self.path_args, **self.path_kwargs)
      File "/orcd/software/core/001/pkg/miniforge/24.3.0-0/lib/python3.10/site-packages/tornado/web.py", line 3289, in wrapper
        url = self.get_login_url()
      File "/orcd/software/core/001/pkg/miniforge/24.3.0-0/lib/python3.10/site-packages/jupyter_server/base/handlers.py", line 784, in get_login_url
        raise web.HTTPError(403)
    tornado.web.HTTPError: HTTP 403: Forbidden
[W 2026-02-10 21:49:54.070 ServerApp] 403 GET /api/kernels?1770778194050 (@10.1.38.7) 0.59ms referer=None
[W 2026-02-10 21:49:54.071 ServerApp] wrote error: 'Forbidden'
    Traceback (most recent call last):
      File "/orcd/software/core/001/pkg/miniforge/24.3.0-0/lib/python3.10/site-packages/tornado/web.py", line 1788, in _execute
        result = method(*self.path_args, **self.path_kwargs)
      File "/orcd/software/core/001/pkg/miniforge/24.3.0-0/lib/python3.10/site-packages/tornado/web.py", line 3289, in wrapper
        url = self.get_login_url()
      File "/orcd/software/core/001/pkg/miniforge/24.3.0-0/lib/python3.10/site-packages/jupyter_server/base/handlers.py", line 784, in get_login_url
        raise web.HTTPError(403)
    tornado.web.HTTPError: HTTP 403: Forbidden
[W 2026-02-10 21:49:54.071 ServerApp] 403 GET /api/kernels?1770778194052 (@10.1.38.7) 0.58ms referer=None
[W 2026-02-10 21:49:54.108 ServerApp] wrote error: 'Forbidden'
    Traceback (most recent call last):
      File "/orcd/software/core/001/pkg/miniforge/24.3.0-0/lib/python3.10/site-packages/tornado/web.py", line 1788, in _execute
        result = method(*self.path_args, **self.path_kwargs)
      File "/orcd/software/core/001/pkg/miniforge/24.3.0-0/lib/python3.10/site-packages/tornado/web.py", line 3289, in wrapper
        url = self.get_login_url()
      File "/orcd/software/core/001/pkg/miniforge/24.3.0-0/lib/python3.10/site-packages/jupyter_server/base/handlers.py", line 784, in get_login_url
        raise web.HTTPError(403)
    tornado.web.HTTPError: HTTP 403: Forbidden
[W 2026-02-10 21:49:54.108 ServerApp] 403 GET /api/kernelspecs?1770778194068 (@10.1.38.7) 0.58ms referer=None
[W 2026-02-10 21:49:54.110 ServerApp] wrote error: 'Forbidden'
    Traceback (most recent call last):
      File "/orcd/software/core/001/pkg/miniforge/24.3.0-0/lib/python3.10/site-packages/tornado/web.py", line 1788, in _execute
        result = method(*self.path_args, **self.path_kwargs)
      File "/orcd/software/core/001/pkg/miniforge/24.3.0-0/lib/python3.10/site-packages/tornado/web.py", line 3289, in wrapper
        url = self.get_login_url()
      File "/orcd/software/core/001/pkg/miniforge/24.3.0-0/lib/python3.10/site-packages/jupyter_server/base/handlers.py", line 784, in get_login_url
        raise web.HTTPError(403)
    tornado.web.HTTPError: HTTP 403: Forbidden
[W 2026-02-10 21:49:54.111 ServerApp] 403 GET /api/sessions?1770778194053 (@10.1.38.7) 0.57ms referer=None
[W 2026-02-10 21:49:54.116 ServerApp] wrote error: 'Forbidden'
    Traceback (most recent call last):
      File "/orcd/software/core/001/pkg/miniforge/24.3.0-0/lib/python3.10/site-packages/tornado/web.py", line 1788, in _execute
        result = method(*self.path_args, **self.path_kwargs)
      File "/orcd/software/core/001/pkg/miniforge/24.3.0-0/lib/python3.10/site-packages/tornado/web.py", line 3289, in wrapper
        url = self.get_login_url()
      File "/orcd/software/core/001/pkg/miniforge/24.3.0-0/lib/python3.10/site-packages/jupyter_server/base/handlers.py", line 784, in get_login_url
        raise web.HTTPError(403)
    tornado.web.HTTPError: HTTP 403: Forbidden
[W 2026-02-10 21:49:54.117 ServerApp] 403 GET /api/kernelspecs?1770778194111 (@10.1.38.7) 0.52ms referer=None
[W 2026-02-10 21:49:54.175 ServerApp] wrote error: 'Forbidden'
    Traceback (most recent call last):
      File "/orcd/software/core/001/pkg/miniforge/24.3.0-0/lib/python3.10/site-packages/tornado/web.py", line 1788, in _execute
        result = method(*self.path_args, **self.path_kwargs)
      File "/orcd/software/core/001/pkg/miniforge/24.3.0-0/lib/python3.10/site-packages/tornado/web.py", line 3289, in wrapper
        url = self.get_login_url()
      File "/orcd/software/core/001/pkg/miniforge/24.3.0-0/lib/python3.10/site-packages/jupyter_server/base/handlers.py", line 784, in get_login_url
        raise web.HTTPError(403)
    tornado.web.HTTPError: HTTP 403: Forbidden
[W 2026-02-10 21:49:54.175 ServerApp] 403 GET /api/kernels?1770778194116 (@10.1.38.7) 0.59ms referer=None
[W 2026-02-10 21:49:54.176 ServerApp] wrote error: 'Forbidden'
    Traceback (most recent call last):
      File "/orcd/software/core/001/pkg/miniforge/24.3.0-0/lib/python3.10/site-packages/tornado/web.py", line 1788, in _execute
        result = method(*self.path_args, **self.path_kwargs)
      File "/orcd/software/core/001/pkg/miniforge/24.3.0-0/lib/python3.10/site-packages/tornado/web.py", line 3289, in wrapper
        url = self.get_login_url()
      File "/orcd/software/core/001/pkg/miniforge/24.3.0-0/lib/python3.10/site-packages/jupyter_server/base/handlers.py", line 784, in get_login_url
        raise web.HTTPError(403)
    tornado.web.HTTPError: HTTP 403: Forbidden
[W 2026-02-10 21:49:54.176 ServerApp] 403 GET /api/kernels?1770778194112 (@10.1.38.7) 0.66ms referer=None
[W 2026-02-10 21:49:54.177 ServerApp] wrote error: 'Forbidden'
    Traceback (most recent call last):
      File "/orcd/software/core/001/pkg/miniforge/24.3.0-0/lib/python3.10/site-packages/tornado/web.py", line 1788, in _execute
        result = method(*self.path_args, **self.path_kwargs)
      File "/orcd/software/core/001/pkg/miniforge/24.3.0-0/lib/python3.10/site-packages/tornado/web.py", line 3289, in wrapper
        url = self.get_login_url()
      File "/orcd/software/core/001/pkg/miniforge/24.3.0-0/lib/python3.10/site-packages/jupyter_server/base/handlers.py", line 784, in get_login_url
        raise web.HTTPError(403)
    tornado.web.HTTPError: HTTP 403: Forbidden
[W 2026-02-10 21:49:54.177 ServerApp] 403 GET /api/sessions?1770778194117 (@10.1.38.7) 0.85ms referer=None
[W 2026-02-10 21:49:54.177 ServerApp] wrote error: 'Forbidden'
    Traceback (most recent call last):
      File "/orcd/software/core/001/pkg/miniforge/24.3.0-0/lib/python3.10/site-packages/tornado/web.py", line 1788, in _execute
        result = method(*self.path_args, **self.path_kwargs)
      File "/orcd/software/core/001/pkg/miniforge/24.3.0-0/lib/python3.10/site-packages/tornado/web.py", line 3289, in wrapper
        url = self.get_login_url()
      File "/orcd/software/core/001/pkg/miniforge/24.3.0-0/lib/python3.10/site-packages/jupyter_server/base/handlers.py", line 784, in get_login_url
        raise web.HTTPError(403)
    tornado.web.HTTPError: HTTP 403: Forbidden
[W 2026-02-10 21:49:54.178 ServerApp] 403 GET /api/kernelspecs?1770778194121 (@10.1.38.7) 1.16ms referer=None
[I 2026-02-10 21:49:54.178 ServerApp] 302 GET / (@10.1.38.7) 1.20ms
[I 2026-02-10 21:49:54.192 LabApp] 302 GET /lab? (@10.1.38.7) 0.34ms
[I 2026-02-10 21:49:54.196 ServerApp] 302 GET / (@10.1.38.7) 0.23ms
[W 2026-02-10 21:49:54.234 ServerApp] wrote error: 'Forbidden'
    Traceback (most recent call last):
      File "/orcd/software/core/001/pkg/miniforge/24.3.0-0/lib/python3.10/site-packages/tornado/web.py", line 1788, in _execute
        result = method(*self.path_args, **self.path_kwargs)
      File "/orcd/software/core/001/pkg/miniforge/24.3.0-0/lib/python3.10/site-packages/tornado/web.py", line 3289, in wrapper
        url = self.get_login_url()
      File "/orcd/software/core/001/pkg/miniforge/24.3.0-0/lib/python3.10/site-packages/jupyter_server/base/handlers.py", line 784, in get_login_url
        raise web.HTTPError(403)
    tornado.web.HTTPError: HTTP 403: Forbidden
[W 2026-02-10 21:49:54.234 ServerApp] 403 GET /api/kernelspecs?1770778194232 (@10.1.38.7) 0.55ms referer=None
[I 2026-02-10 21:49:54.240 LabApp] 302 GET /lab? (@10.1.38.7) 0.36ms
[W 2026-02-10 21:49:54.273 ServerApp] wrote error: 'Forbidden'
    Traceback (most recent call last):
      File "/orcd/software/core/001/pkg/miniforge/24.3.0-0/lib/python3.10/site-packages/tornado/web.py", line 1788, in _execute
        result = method(*self.path_args, **self.path_kwargs)
      File "/orcd/software/core/001/pkg/miniforge/24.3.0-0/lib/python3.10/site-packages/tornado/web.py", line 3289, in wrapper
        url = self.get_login_url()
      File "/orcd/software/core/001/pkg/miniforge/24.3.0-0/lib/python3.10/site-packages/jupyter_server/base/handlers.py", line 784, in get_login_url
        raise web.HTTPError(403)
    tornado.web.HTTPError: HTTP 403: Forbidden
[W 2026-02-10 21:49:54.273 ServerApp] 403 GET /api/kernels?1770778194237 (@10.1.38.7) 0.58ms referer=None
[W 2026-02-10 21:49:54.274 ServerApp] wrote error: 'Forbidden'
    Traceback (most recent call last):
      File "/orcd/software/core/001/pkg/miniforge/24.3.0-0/lib/python3.10/site-packages/tornado/web.py", line 1788, in _execute
        result = method(*self.path_args, **self.path_kwargs)
      File "/orcd/software/core/001/pkg/miniforge/24.3.0-0/lib/python3.10/site-packages/tornado/web.py", line 3289, in wrapper
        url = self.get_login_url()
      File "/orcd/software/core/001/pkg/miniforge/24.3.0-0/lib/python3.10/site-packages/jupyter_server/base/handlers.py", line 784, in get_login_url
        raise web.HTTPError(403)
    tornado.web.HTTPError: HTTP 403: Forbidden
[W 2026-02-10 21:49:54.274 ServerApp] 403 GET /api/kernels?1770778194232 (@10.1.38.7) 0.56ms referer=None
[W 2026-02-10 21:49:54.278 ServerApp] wrote error: 'Forbidden'
    Traceback (most recent call last):
      File "/orcd/software/core/001/pkg/miniforge/24.3.0-0/lib/python3.10/site-packages/tornado/web.py", line 1788, in _execute
        result = method(*self.path_args, **self.path_kwargs)
      File "/orcd/software/core/001/pkg/miniforge/24.3.0-0/lib/python3.10/site-packages/tornado/web.py", line 3289, in wrapper
        url = self.get_login_url()
      File "/orcd/software/core/001/pkg/miniforge/24.3.0-0/lib/python3.10/site-packages/jupyter_server/base/handlers.py", line 784, in get_login_url
        raise web.HTTPError(403)
    tornado.web.HTTPError: HTTP 403: Forbidden
[W 2026-02-10 21:49:54.279 ServerApp] 403 GET /api/sessions?1770778194238 (@10.1.38.7) 0.54ms referer=None
[W 2026-02-10 21:49:54.279 ServerApp] wrote error: 'Forbidden'
    Traceback (most recent call last):
      File "/orcd/software/core/001/pkg/miniforge/24.3.0-0/lib/python3.10/site-packages/tornado/web.py", line 1788, in _execute
        result = method(*self.path_args, **self.path_kwargs)
      File "/orcd/software/core/001/pkg/miniforge/24.3.0-0/lib/python3.10/site-packages/tornado/web.py", line 3289, in wrapper
        url = self.get_login_url()
      File "/orcd/software/core/001/pkg/miniforge/24.3.0-0/lib/python3.10/site-packages/jupyter_server/base/handlers.py", line 784, in get_login_url
        raise web.HTTPError(403)
    tornado.web.HTTPError: HTTP 403: Forbidden
[W 2026-02-10 21:49:54.279 ServerApp] 403 GET /api/kernelspecs?1770778194239 (@10.1.38.7) 0.60ms referer=None
[W 2026-02-10 21:49:54.297 ServerApp] wrote error: 'Forbidden'
    Traceback (most recent call last):
      File "/orcd/software/core/001/pkg/miniforge/24.3.0-0/lib/python3.10/site-packages/tornado/web.py", line 1788, in _execute
        result = method(*self.path_args, **self.path_kwargs)
      File "/orcd/software/core/001/pkg/miniforge/24.3.0-0/lib/python3.10/site-packages/tornado/web.py", line 3289, in wrapper
        url = self.get_login_url()
      File "/orcd/software/core/001/pkg/miniforge/24.3.0-0/lib/python3.10/site-packages/jupyter_server/base/handlers.py", line 784, in get_login_url
        raise web.HTTPError(403)
    tornado.web.HTTPError: HTTP 403: Forbidden
[W 2026-02-10 21:49:54.298 ServerApp] 403 GET /api/kernelspecs?1770778194295 (@10.1.38.7) 0.64ms referer=None
[W 2026-02-10 21:49:54.320 ServerApp] wrote error: 'Forbidden'
    Traceback (most recent call last):
      File "/orcd/software/core/001/pkg/miniforge/24.3.0-0/lib/python3.10/site-packages/tornado/web.py", line 1788, in _execute
        result = method(*self.path_args, **self.path_kwargs)
      File "/orcd/software/core/001/pkg/miniforge/24.3.0-0/lib/python3.10/site-packages/tornado/web.py", line 3289, in wrapper
        url = self.get_login_url()
      File "/orcd/software/core/001/pkg/miniforge/24.3.0-0/lib/python3.10/site-packages/jupyter_server/base/handlers.py", line 784, in get_login_url
        raise web.HTTPError(403)
    tornado.web.HTTPError: HTTP 403: Forbidden
[W 2026-02-10 21:49:54.321 ServerApp] 403 GET /api/kernels?1770778194296 (@10.1.38.7) 0.63ms referer=None
[W 2026-02-10 21:49:54.334 ServerApp] wrote error: 'Forbidden'
    Traceback (most recent call last):
      File "/orcd/software/core/001/pkg/miniforge/24.3.0-0/lib/python3.10/site-packages/tornado/web.py", line 1788, in _execute
        result = method(*self.path_args, **self.path_kwargs)
      File "/orcd/software/core/001/pkg/miniforge/24.3.0-0/lib/python3.10/site-packages/tornado/web.py", line 3289, in wrapper
        url = self.get_login_url()
      File "/orcd/software/core/001/pkg/miniforge/24.3.0-0/lib/python3.10/site-packages/jupyter_server/base/handlers.py", line 784, in get_login_url
        raise web.HTTPError(403)
    tornado.web.HTTPError: HTTP 403: Forbidden
[W 2026-02-10 21:49:54.334 ServerApp] 403 GET /api/kernels?1770778194315 (@10.1.38.7) 0.55ms referer=None
[W 2026-02-10 21:49:54.334 ServerApp] wrote error: 'Forbidden'
    Traceback (most recent call last):
      File "/orcd/software/core/001/pkg/miniforge/24.3.0-0/lib/python3.10/site-packages/tornado/web.py", line 1788, in _execute
        result = method(*self.path_args, **self.path_kwargs)
      File "/orcd/software/core/001/pkg/miniforge/24.3.0-0/lib/python3.10/site-packages/tornado/web.py", line 3289, in wrapper
        url = self.get_login_url()
      File "/orcd/software/core/001/pkg/miniforge/24.3.0-0/lib/python3.10/site-packages/jupyter_server/base/handlers.py", line 784, in get_login_url
        raise web.HTTPError(403)
    tornado.web.HTTPError: HTTP 403: Forbidden
[W 2026-02-10 21:49:54.335 ServerApp] 403 GET /api/sessions?1770778194315 (@10.1.38.7) 0.53ms referer=None
[W 2026-02-10 21:49:54.340 ServerApp] wrote error: 'Forbidden'
    Traceback (most recent call last):
      File "/orcd/software/core/001/pkg/miniforge/24.3.0-0/lib/python3.10/site-packages/tornado/web.py", line 1788, in _execute
        result = method(*self.path_args, **self.path_kwargs)
      File "/orcd/software/core/001/pkg/miniforge/24.3.0-0/lib/python3.10/site-packages/tornado/web.py", line 3289, in wrapper
        url = self.get_login_url()
      File "/orcd/software/core/001/pkg/miniforge/24.3.0-0/lib/python3.10/site-packages/jupyter_server/base/handlers.py", line 784, in get_login_url
        raise web.HTTPError(403)
    tornado.web.HTTPError: HTTP 403: Forbidden
[W 2026-02-10 21:49:54.340 ServerApp] 403 GET /api/kernelspecs?1770778194323 (@10.1.38.7) 0.59ms referer=None
[I 2026-02-10 21:50:11.465 ServerApp] 302 GET / (@10.1.38.7) 0.47ms
[I 2026-02-10 21:50:11.470 LabApp] 302 GET /lab? (@10.1.38.7) 0.51ms
[I 2026-02-10 21:50:11.605 ServerApp] Connecting to kernel e82cbfb4-c972-4656-86a8-a9531cf274cf.
[I 2026-02-10 21:50:11.783 ServerApp] 302 GET / (@10.1.38.7) 0.29ms
[I 2026-02-10 21:50:11.783 ServerApp] 302 GET / (@10.1.38.7) 0.27ms
[I 2026-02-10 21:50:11.941 LabApp] 302 GET /lab? (@10.1.38.7) 0.42ms
[I 2026-02-10 21:50:11.942 LabApp] 302 GET /lab? (@10.1.38.7) 0.33ms
[W 2026-02-10 21:50:12.278 ServerApp] wrote error: 'Forbidden'
    Traceback (most recent call last):
      File "/orcd/software/core/001/pkg/miniforge/24.3.0-0/lib/python3.10/site-packages/tornado/web.py", line 1788, in _execute
        result = method(*self.path_args, **self.path_kwargs)
      File "/orcd/software/core/001/pkg/miniforge/24.3.0-0/lib/python3.10/site-packages/tornado/web.py", line 3289, in wrapper
        url = self.get_login_url()
      File "/orcd/software/core/001/pkg/miniforge/24.3.0-0/lib/python3.10/site-packages/jupyter_server/base/handlers.py", line 784, in get_login_url
        raise web.HTTPError(403)
    tornado.web.HTTPError: HTTP 403: Forbidden
[W 2026-02-10 21:50:12.279 ServerApp] 403 GET /api/kernelspecs?1770778212273 (@10.1.38.7) 0.66ms referer=None
[W 2026-02-10 21:50:12.306 ServerApp] wrote error: 'Forbidden'
    Traceback (most recent call last):
      File "/orcd/software/core/001/pkg/miniforge/24.3.0-0/lib/python3.10/site-packages/tornado/web.py", line 1788, in _execute
        result = method(*self.path_args, **self.path_kwargs)
      File "/orcd/software/core/001/pkg/miniforge/24.3.0-0/lib/python3.10/site-packages/tornado/web.py", line 3289, in wrapper
        url = self.get_login_url()
      File "/orcd/software/core/001/pkg/miniforge/24.3.0-0/lib/python3.10/site-packages/jupyter_server/base/handlers.py", line 784, in get_login_url
        raise web.HTTPError(403)
    tornado.web.HTTPError: HTTP 403: Forbidden
[W 2026-02-10 21:50:12.307 ServerApp] 403 GET /api/kernelspecs?1770778212279 (@10.1.38.7) 0.64ms referer=None
[W 2026-02-10 21:50:12.416 ServerApp] wrote error: 'Forbidden'
    Traceback (most recent call last):
      File "/orcd/software/core/001/pkg/miniforge/24.3.0-0/lib/python3.10/site-packages/tornado/web.py", line 1788, in _execute
        result = method(*self.path_args, **self.path_kwargs)
      File "/orcd/software/core/001/pkg/miniforge/24.3.0-0/lib/python3.10/site-packages/tornado/web.py", line 3289, in wrapper
        url = self.get_login_url()
      File "/orcd/software/core/001/pkg/miniforge/24.3.0-0/lib/python3.10/site-packages/jupyter_server/base/handlers.py", line 784, in get_login_url
        raise web.HTTPError(403)
    tornado.web.HTTPError: HTTP 403: Forbidden
[W 2026-02-10 21:50:12.417 ServerApp] 403 GET /api/kernels?1770778212274 (@10.1.38.7) 0.65ms referer=None
[W 2026-02-10 21:50:12.417 ServerApp] wrote error: 'Forbidden'
    Traceback (most recent call last):
      File "/orcd/software/core/001/pkg/miniforge/24.3.0-0/lib/python3.10/site-packages/tornado/web.py", line 1788, in _execute
        result = method(*self.path_args, **self.path_kwargs)
      File "/orcd/software/core/001/pkg/miniforge/24.3.0-0/lib/python3.10/site-packages/tornado/web.py", line 3289, in wrapper
        url = self.get_login_url()
      File "/orcd/software/core/001/pkg/miniforge/24.3.0-0/lib/python3.10/site-packages/jupyter_server/base/handlers.py", line 784, in get_login_url
        raise web.HTTPError(403)
    tornado.web.HTTPError: HTTP 403: Forbidden
[W 2026-02-10 21:50:12.417 ServerApp] 403 GET /api/kernels?1770778212281 (@10.1.38.7) 0.60ms referer=None
[W 2026-02-10 21:50:12.418 ServerApp] wrote error: 'Forbidden'
    Traceback (most recent call last):
      File "/orcd/software/core/001/pkg/miniforge/24.3.0-0/lib/python3.10/site-packages/tornado/web.py", line 1788, in _execute
        result = method(*self.path_args, **self.path_kwargs)
      File "/orcd/software/core/001/pkg/miniforge/24.3.0-0/lib/python3.10/site-packages/tornado/web.py", line 3289, in wrapper
        url = self.get_login_url()
      File "/orcd/software/core/001/pkg/miniforge/24.3.0-0/lib/python3.10/site-packages/jupyter_server/base/handlers.py", line 784, in get_login_url
        raise web.HTTPError(403)
    tornado.web.HTTPError: HTTP 403: Forbidden
[W 2026-02-10 21:50:12.418 ServerApp] 403 GET /api/kernels?1770778212369 (@10.1.38.7) 0.66ms referer=None
[W 2026-02-10 21:50:12.419 ServerApp] wrote error: 'Forbidden'
    Traceback (most recent call last):
      File "/orcd/software/core/001/pkg/miniforge/24.3.0-0/lib/python3.10/site-packages/tornado/web.py", line 1788, in _execute
        result = method(*self.path_args, **self.path_kwargs)
      File "/orcd/software/core/001/pkg/miniforge/24.3.0-0/lib/python3.10/site-packages/tornado/web.py", line 3289, in wrapper
        url = self.get_login_url()
      File "/orcd/software/core/001/pkg/miniforge/24.3.0-0/lib/python3.10/site-packages/jupyter_server/base/handlers.py", line 784, in get_login_url
        raise web.HTTPError(403)
    tornado.web.HTTPError: HTTP 403: Forbidden
[W 2026-02-10 21:50:12.419 ServerApp] 403 GET /api/kernels?1770778212371 (@10.1.38.7) 0.88ms referer=None
[W 2026-02-10 21:50:12.419 ServerApp] wrote error: 'Forbidden'
    Traceback (most recent call last):
      File "/orcd/software/core/001/pkg/miniforge/24.3.0-0/lib/python3.10/site-packages/tornado/web.py", line 1788, in _execute
        result = method(*self.path_args, **self.path_kwargs)
      File "/orcd/software/core/001/pkg/miniforge/24.3.0-0/lib/python3.10/site-packages/tornado/web.py", line 3289, in wrapper
        url = self.get_login_url()
      File "/orcd/software/core/001/pkg/miniforge/24.3.0-0/lib/python3.10/site-packages/jupyter_server/base/handlers.py", line 784, in get_login_url
        raise web.HTTPError(403)
    tornado.web.HTTPError: HTTP 403: Forbidden
[W 2026-02-10 21:50:12.420 ServerApp] 403 GET /api/sessions?1770778212370 (@10.1.38.7) 1.19ms referer=None
[W 2026-02-10 21:50:12.420 ServerApp] wrote error: 'Forbidden'
    Traceback (most recent call last):
      File "/orcd/software/core/001/pkg/miniforge/24.3.0-0/lib/python3.10/site-packages/tornado/web.py", line 1788, in _execute
        result = method(*self.path_args, **self.path_kwargs)
      File "/orcd/software/core/001/pkg/miniforge/24.3.0-0/lib/python3.10/site-packages/tornado/web.py", line 3289, in wrapper
        url = self.get_login_url()
      File "/orcd/software/core/001/pkg/miniforge/24.3.0-0/lib/python3.10/site-packages/jupyter_server/base/handlers.py", line 784, in get_login_url
        raise web.HTTPError(403)
    tornado.web.HTTPError: HTTP 403: Forbidden
[W 2026-02-10 21:50:12.420 ServerApp] 403 GET /api/sessions?1770778212372 (@10.1.38.7) 1.51ms referer=None
[W 2026-02-10 21:50:12.446 ServerApp] wrote error: 'Forbidden'
    Traceback (most recent call last):
      File "/orcd/software/core/001/pkg/miniforge/24.3.0-0/lib/python3.10/site-packages/tornado/web.py", line 1788, in _execute
        result = method(*self.path_args, **self.path_kwargs)
      File "/orcd/software/core/001/pkg/miniforge/24.3.0-0/lib/python3.10/site-packages/tornado/web.py", line 3289, in wrapper
        url = self.get_login_url()
      File "/orcd/software/core/001/pkg/miniforge/24.3.0-0/lib/python3.10/site-packages/jupyter_server/base/handlers.py", line 784, in get_login_url
        raise web.HTTPError(403)
    tornado.web.HTTPError: HTTP 403: Forbidden
[W 2026-02-10 21:50:12.447 ServerApp] 403 GET /api/kernelspecs?1770778212413 (@10.1.38.7) 0.59ms referer=None
[W 2026-02-10 21:50:12.447 ServerApp] wrote error: 'Forbidden'
    Traceback (most recent call last):
      File "/orcd/software/core/001/pkg/miniforge/24.3.0-0/lib/python3.10/site-packages/tornado/web.py", line 1788, in _execute
        result = method(*self.path_args, **self.path_kwargs)
      File "/orcd/software/core/001/pkg/miniforge/24.3.0-0/lib/python3.10/site-packages/tornado/web.py", line 3289, in wrapper
        url = self.get_login_url()
      File "/orcd/software/core/001/pkg/miniforge/24.3.0-0/lib/python3.10/site-packages/jupyter_server/base/handlers.py", line 784, in get_login_url
        raise web.HTTPError(403)
    tornado.web.HTTPError: HTTP 403: Forbidden
[W 2026-02-10 21:50:12.447 ServerApp] 403 GET /api/kernelspecs?1770778212412 (@10.1.38.7) 0.57ms referer=None
[I 2026-02-10 21:50:12.451 ServerApp] 302 GET / (@10.1.38.7) 0.23ms
[I 2026-02-10 21:50:12.452 ServerApp] 302 GET / (@10.1.38.7) 0.21ms
[I 2026-02-10 21:50:12.494 LabApp] 302 GET /lab? (@10.1.38.7) 0.34ms
[I 2026-02-10 21:50:12.494 LabApp] 302 GET /lab? (@10.1.38.7) 0.31ms
[W 2026-02-10 21:50:12.518 ServerApp] wrote error: 'Forbidden'
    Traceback (most recent call last):
      File "/orcd/software/core/001/pkg/miniforge/24.3.0-0/lib/python3.10/site-packages/tornado/web.py", line 1788, in _execute
        result = method(*self.path_args, **self.path_kwargs)
      File "/orcd/software/core/001/pkg/miniforge/24.3.0-0/lib/python3.10/site-packages/tornado/web.py", line 3289, in wrapper
        url = self.get_login_url()
      File "/orcd/software/core/001/pkg/miniforge/24.3.0-0/lib/python3.10/site-packages/jupyter_server/base/handlers.py", line 784, in get_login_url
        raise web.HTTPError(403)
    tornado.web.HTTPError: HTTP 403: Forbidden
[W 2026-02-10 21:50:12.519 ServerApp] 403 GET /api/kernelspecs?1770778212516 (@10.1.38.7) 0.57ms referer=None
[W 2026-02-10 21:50:12.533 ServerApp] wrote error: 'Forbidden'
    Traceback (most recent call last):
      File "/orcd/software/core/001/pkg/miniforge/24.3.0-0/lib/python3.10/site-packages/tornado/web.py", line 1788, in _execute
        result = method(*self.path_args, **self.path_kwargs)
      File "/orcd/software/core/001/pkg/miniforge/24.3.0-0/lib/python3.10/site-packages/tornado/web.py", line 3289, in wrapper
        url = self.get_login_url()
      File "/orcd/software/core/001/pkg/miniforge/24.3.0-0/lib/python3.10/site-packages/jupyter_server/base/handlers.py", line 784, in get_login_url
        raise web.HTTPError(403)
    tornado.web.HTTPError: HTTP 403: Forbidden
[W 2026-02-10 21:50:12.533 ServerApp] 403 GET /api/kernelspecs?1770778212531 (@10.1.38.7) 0.57ms referer=None
[W 2026-02-10 21:50:12.846 ServerApp] wrote error: 'Forbidden'
    Traceback (most recent call last):
      File "/orcd/software/core/001/pkg/miniforge/24.3.0-0/lib/python3.10/site-packages/tornado/web.py", line 1788, in _execute
        result = method(*self.path_args, **self.path_kwargs)
      File "/orcd/software/core/001/pkg/miniforge/24.3.0-0/lib/python3.10/site-packages/tornado/web.py", line 3289, in wrapper
        url = self.get_login_url()
      File "/orcd/software/core/001/pkg/miniforge/24.3.0-0/lib/python3.10/site-packages/jupyter_server/base/handlers.py", line 784, in get_login_url
        raise web.HTTPError(403)
    tornado.web.HTTPError: HTTP 403: Forbidden
[W 2026-02-10 21:50:12.846 ServerApp] 403 GET /api/kernels?1770778212517 (@10.1.38.7) 0.75ms referer=None
[W 2026-02-10 21:50:12.847 ServerApp] wrote error: 'Forbidden'
    Traceback (most recent call last):
      File "/orcd/software/core/001/pkg/miniforge/24.3.0-0/lib/python3.10/site-packages/tornado/web.py", line 1788, in _execute
        result = method(*self.path_args, **self.path_kwargs)
      File "/orcd/software/core/001/pkg/miniforge/24.3.0-0/lib/python3.10/site-packages/tornado/web.py", line 3289, in wrapper
        url = self.get_login_url()
      File "/orcd/software/core/001/pkg/miniforge/24.3.0-0/lib/python3.10/site-packages/jupyter_server/base/handlers.py", line 784, in get_login_url
        raise web.HTTPError(403)
    tornado.web.HTTPError: HTTP 403: Forbidden
[W 2026-02-10 21:50:12.848 ServerApp] 403 GET /api/kernels?1770778212518 (@10.1.38.7) 1.07ms referer=None
[W 2026-02-10 21:50:12.848 ServerApp] wrote error: 'Forbidden'
    Traceback (most recent call last):
      File "/orcd/software/core/001/pkg/miniforge/24.3.0-0/lib/python3.10/site-packages/tornado/web.py", line 1788, in _execute
        result = method(*self.path_args, **self.path_kwargs)
      File "/orcd/software/core/001/pkg/miniforge/24.3.0-0/lib/python3.10/site-packages/tornado/web.py", line 3289, in wrapper
        url = self.get_login_url()
      File "/orcd/software/core/001/pkg/miniforge/24.3.0-0/lib/python3.10/site-packages/jupyter_server/base/handlers.py", line 784, in get_login_url
        raise web.HTTPError(403)
    tornado.web.HTTPError: HTTP 403: Forbidden
[W 2026-02-10 21:50:12.848 ServerApp] 403 GET /api/sessions?1770778212519 (@10.1.38.7) 1.38ms referer=None
[W 2026-02-10 21:50:12.848 ServerApp] wrote error: 'Forbidden'
    Traceback (most recent call last):
      File "/orcd/software/core/001/pkg/miniforge/24.3.0-0/lib/python3.10/site-packages/tornado/web.py", line 1788, in _execute
        result = method(*self.path_args, **self.path_kwargs)
      File "/orcd/software/core/001/pkg/miniforge/24.3.0-0/lib/python3.10/site-packages/tornado/web.py", line 3289, in wrapper
        url = self.get_login_url()
      File "/orcd/software/core/001/pkg/miniforge/24.3.0-0/lib/python3.10/site-packages/jupyter_server/base/handlers.py", line 784, in get_login_url
        raise web.HTTPError(403)
    tornado.web.HTTPError: HTTP 403: Forbidden
[W 2026-02-10 21:50:12.849 ServerApp] 403 GET /api/kernels?1770778212532 (@10.1.38.7) 1.51ms referer=None
[W 2026-02-10 21:50:12.849 ServerApp] wrote error: 'Forbidden'
    Traceback (most recent call last):
      File "/orcd/software/core/001/pkg/miniforge/24.3.0-0/lib/python3.10/site-packages/tornado/web.py", line 1788, in _execute
        result = method(*self.path_args, **self.path_kwargs)
      File "/orcd/software/core/001/pkg/miniforge/24.3.0-0/lib/python3.10/site-packages/tornado/web.py", line 3289, in wrapper
        url = self.get_login_url()
      File "/orcd/software/core/001/pkg/miniforge/24.3.0-0/lib/python3.10/site-packages/jupyter_server/base/handlers.py", line 784, in get_login_url
        raise web.HTTPError(403)
    tornado.web.HTTPError: HTTP 403: Forbidden
[W 2026-02-10 21:50:12.850 ServerApp] 403 GET /api/kernelspecs?1770778212533 (@10.1.38.7) 1.07ms referer=None
[W 2026-02-10 21:50:12.850 ServerApp] wrote error: 'Forbidden'
    Traceback (most recent call last):
      File "/orcd/software/core/001/pkg/miniforge/24.3.0-0/lib/python3.10/site-packages/tornado/web.py", line 1788, in _execute
        result = method(*self.path_args, **self.path_kwargs)
      File "/orcd/software/core/001/pkg/miniforge/24.3.0-0/lib/python3.10/site-packages/tornado/web.py", line 3289, in wrapper
        url = self.get_login_url()
      File "/orcd/software/core/001/pkg/miniforge/24.3.0-0/lib/python3.10/site-packages/jupyter_server/base/handlers.py", line 784, in get_login_url
        raise web.HTTPError(403)
    tornado.web.HTTPError: HTTP 403: Forbidden
[W 2026-02-10 21:50:12.850 ServerApp] 403 GET /api/sessions?1770778212534 (@10.1.38.7) 1.38ms referer=None
[W 2026-02-10 21:50:12.850 ServerApp] wrote error: 'Forbidden'
    Traceback (most recent call last):
      File "/orcd/software/core/001/pkg/miniforge/24.3.0-0/lib/python3.10/site-packages/tornado/web.py", line 1788, in _execute
        result = method(*self.path_args, **self.path_kwargs)
      File "/orcd/software/core/001/pkg/miniforge/24.3.0-0/lib/python3.10/site-packages/tornado/web.py", line 3289, in wrapper
        url = self.get_login_url()
      File "/orcd/software/core/001/pkg/miniforge/24.3.0-0/lib/python3.10/site-packages/jupyter_server/base/handlers.py", line 784, in get_login_url
        raise web.HTTPError(403)
    tornado.web.HTTPError: HTTP 403: Forbidden
[W 2026-02-10 21:50:12.851 ServerApp] 403 GET /api/kernels?1770778212533 (@10.1.38.7) 1.70ms referer=None
[W 2026-02-10 21:50:12.851 ServerApp] wrote error: 'Forbidden'
    Traceback (most recent call last):
      File "/orcd/software/core/001/pkg/miniforge/24.3.0-0/lib/python3.10/site-packages/tornado/web.py", line 1788, in _execute
        result = method(*self.path_args, **self.path_kwargs)
      File "/orcd/software/core/001/pkg/miniforge/24.3.0-0/lib/python3.10/site-packages/tornado/web.py", line 3289, in wrapper
        url = self.get_login_url()
      File "/orcd/software/core/001/pkg/miniforge/24.3.0-0/lib/python3.10/site-packages/jupyter_server/base/handlers.py", line 784, in get_login_url
        raise web.HTTPError(403)
    tornado.web.HTTPError: HTTP 403: Forbidden
[W 2026-02-10 21:50:12.851 ServerApp] 403 GET /api/kernelspecs?1770778212651 (@10.1.38.7) 2.02ms referer=None
[I 2026-02-10 21:50:13.035 ServerApp] 302 GET / (@10.1.38.7) 0.28ms
[I 2026-02-10 21:50:13.035 ServerApp] 302 GET / (@10.1.38.7) 0.28ms
[I 2026-02-10 21:50:13.246 LabApp] 302 GET /lab? (@10.1.38.7) 0.36ms
[I 2026-02-10 21:50:13.246 LabApp] 302 GET /lab? (@10.1.38.7) 0.32ms
[W 2026-02-10 21:50:13.505 ServerApp] wrote error: 'Forbidden'
    Traceback (most recent call last):
      File "/orcd/software/core/001/pkg/miniforge/24.3.0-0/lib/python3.10/site-packages/tornado/web.py", line 1788, in _execute
        result = method(*self.path_args, **self.path_kwargs)
      File "/orcd/software/core/001/pkg/miniforge/24.3.0-0/lib/python3.10/site-packages/tornado/web.py", line 3289, in wrapper
        url = self.get_login_url()
      File "/orcd/software/core/001/pkg/miniforge/24.3.0-0/lib/python3.10/site-packages/jupyter_server/base/handlers.py", line 784, in get_login_url
        raise web.HTTPError(403)
    tornado.web.HTTPError: HTTP 403: Forbidden
[W 2026-02-10 21:50:13.506 ServerApp] 403 GET /api/kernelspecs?1770778213503 (@10.1.38.7) 0.73ms referer=None
[W 2026-02-10 21:50:13.548 ServerApp] wrote error: 'Forbidden'
    Traceback (most recent call last):
      File "/orcd/software/core/001/pkg/miniforge/24.3.0-0/lib/python3.10/site-packages/tornado/web.py", line 1788, in _execute
        result = method(*self.path_args, **self.path_kwargs)
      File "/orcd/software/core/001/pkg/miniforge/24.3.0-0/lib/python3.10/site-packages/tornado/web.py", line 3289, in wrapper
        url = self.get_login_url()
      File "/orcd/software/core/001/pkg/miniforge/24.3.0-0/lib/python3.10/site-packages/jupyter_server/base/handlers.py", line 784, in get_login_url
        raise web.HTTPError(403)
    tornado.web.HTTPError: HTTP 403: Forbidden
[W 2026-02-10 21:50:13.549 ServerApp] 403 GET /api/kernelspecs?1770778213546 (@10.1.38.7) 0.56ms referer=None
[W 2026-02-10 21:50:13.562 ServerApp] wrote error: 'Forbidden'
    Traceback (most recent call last):
      File "/orcd/software/core/001/pkg/miniforge/24.3.0-0/lib/python3.10/site-packages/tornado/web.py", line 1788, in _execute
        result = method(*self.path_args, **self.path_kwargs)
      File "/orcd/software/core/001/pkg/miniforge/24.3.0-0/lib/python3.10/site-packages/tornado/web.py", line 3289, in wrapper
        url = self.get_login_url()
      File "/orcd/software/core/001/pkg/miniforge/24.3.0-0/lib/python3.10/site-packages/jupyter_server/base/handlers.py", line 784, in get_login_url
        raise web.HTTPError(403)
    tornado.web.HTTPError: HTTP 403: Forbidden
[W 2026-02-10 21:50:13.562 ServerApp] 403 GET /api/kernels?1770778213504 (@10.1.38.7) 0.69ms referer=None
[W 2026-02-10 21:50:13.565 ServerApp] wrote error: 'Forbidden'
    Traceback (most recent call last):
      File "/orcd/software/core/001/pkg/miniforge/24.3.0-0/lib/python3.10/site-packages/tornado/web.py", line 1788, in _execute
        result = method(*self.path_args, **self.path_kwargs)
      File "/orcd/software/core/001/pkg/miniforge/24.3.0-0/lib/python3.10/site-packages/tornado/web.py", line 3289, in wrapper
        url = self.get_login_url()
      File "/orcd/software/core/001/pkg/miniforge/24.3.0-0/lib/python3.10/site-packages/jupyter_server/base/handlers.py", line 784, in get_login_url
        raise web.HTTPError(403)
    tornado.web.HTTPError: HTTP 403: Forbidden
[W 2026-02-10 21:50:13.566 ServerApp] 403 GET /api/kernels?1770778213513 (@10.1.38.7) 0.55ms referer=None
[W 2026-02-10 21:50:13.568 ServerApp] wrote error: 'Forbidden'
    Traceback (most recent call last):
      File "/orcd/software/core/001/pkg/miniforge/24.3.0-0/lib/python3.10/site-packages/tornado/web.py", line 1788, in _execute
        result = method(*self.path_args, **self.path_kwargs)
      File "/orcd/software/core/001/pkg/miniforge/24.3.0-0/lib/python3.10/site-packages/tornado/web.py", line 3289, in wrapper
        url = self.get_login_url()
      File "/orcd/software/core/001/pkg/miniforge/24.3.0-0/lib/python3.10/site-packages/jupyter_server/base/handlers.py", line 784, in get_login_url
        raise web.HTTPError(403)
    tornado.web.HTTPError: HTTP 403: Forbidden
[W 2026-02-10 21:50:13.568 ServerApp] 403 GET /api/sessions?1770778213543 (@10.1.38.7) 0.52ms referer=None
[W 2026-02-10 21:50:13.569 ServerApp] wrote error: 'Forbidden'
    Traceback (most recent call last):
      File "/orcd/software/core/001/pkg/miniforge/24.3.0-0/lib/python3.10/site-packages/tornado/web.py", line 1788, in _execute
        result = method(*self.path_args, **self.path_kwargs)
      File "/orcd/software/core/001/pkg/miniforge/24.3.0-0/lib/python3.10/site-packages/tornado/web.py", line 3289, in wrapper
        url = self.get_login_url()
      File "/orcd/software/core/001/pkg/miniforge/24.3.0-0/lib/python3.10/site-packages/jupyter_server/base/handlers.py", line 784, in get_login_url
        raise web.HTTPError(403)
    tornado.web.HTTPError: HTTP 403: Forbidden
[W 2026-02-10 21:50:13.569 ServerApp] 403 GET /api/kernels?1770778213547 (@10.1.38.7) 0.96ms referer=None
[W 2026-02-10 21:50:13.569 ServerApp] wrote error: 'Forbidden'
    Traceback (most recent call last):
      File "/orcd/software/core/001/pkg/miniforge/24.3.0-0/lib/python3.10/site-packages/tornado/web.py", line 1788, in _execute
        result = method(*self.path_args, **self.path_kwargs)
      File "/orcd/software/core/001/pkg/miniforge/24.3.0-0/lib/python3.10/site-packages/tornado/web.py", line 3289, in wrapper
        url = self.get_login_url()
      File "/orcd/software/core/001/pkg/miniforge/24.3.0-0/lib/python3.10/site-packages/jupyter_server/base/handlers.py", line 784, in get_login_url
        raise web.HTTPError(403)
    tornado.web.HTTPError: HTTP 403: Forbidden
[W 2026-02-10 21:50:13.570 ServerApp] 403 GET /api/kernelspecs?1770778213549 (@10.1.38.7) 1.26ms referer=None
[W 2026-02-10 21:50:13.570 ServerApp] wrote error: 'Forbidden'
    Traceback (most recent call last):
      File "/orcd/software/core/001/pkg/miniforge/24.3.0-0/lib/python3.10/site-packages/tornado/web.py", line 1788, in _execute
        result = method(*self.path_args, **self.path_kwargs)
      File "/orcd/software/core/001/pkg/miniforge/24.3.0-0/lib/python3.10/site-packages/tornado/web.py", line 3289, in wrapper
        url = self.get_login_url()
      File "/orcd/software/core/001/pkg/miniforge/24.3.0-0/lib/python3.10/site-packages/jupyter_server/base/handlers.py", line 784, in get_login_url
        raise web.HTTPError(403)
    tornado.web.HTTPError: HTTP 403: Forbidden
[W 2026-02-10 21:50:13.570 ServerApp] 403 GET /api/kernels?1770778213550 (@10.1.38.7) 1.57ms referer=None
[W 2026-02-10 21:50:13.570 ServerApp] wrote error: 'Forbidden'
    Traceback (most recent call last):
      File "/orcd/software/core/001/pkg/miniforge/24.3.0-0/lib/python3.10/site-packages/tornado/web.py", line 1788, in _execute
        result = method(*self.path_args, **self.path_kwargs)
      File "/orcd/software/core/001/pkg/miniforge/24.3.0-0/lib/python3.10/site-packages/tornado/web.py", line 3289, in wrapper
        url = self.get_login_url()
      File "/orcd/software/core/001/pkg/miniforge/24.3.0-0/lib/python3.10/site-packages/jupyter_server/base/handlers.py", line 784, in get_login_url
        raise web.HTTPError(403)
    tornado.web.HTTPError: HTTP 403: Forbidden
[W 2026-02-10 21:50:13.571 ServerApp] 403 GET /api/sessions?1770778213551 (@10.1.38.7) 1.88ms referer=None
[W 2026-02-10 21:50:13.571 ServerApp] wrote error: 'Forbidden'
    Traceback (most recent call last):
      File "/orcd/software/core/001/pkg/miniforge/24.3.0-0/lib/python3.10/site-packages/tornado/web.py", line 1788, in _execute
        result = method(*self.path_args, **self.path_kwargs)
      File "/orcd/software/core/001/pkg/miniforge/24.3.0-0/lib/python3.10/site-packages/tornado/web.py", line 3289, in wrapper
        url = self.get_login_url()
      File "/orcd/software/core/001/pkg/miniforge/24.3.0-0/lib/python3.10/site-packages/jupyter_server/base/handlers.py", line 784, in get_login_url
        raise web.HTTPError(403)
    tornado.web.HTTPError: HTTP 403: Forbidden
[W 2026-02-10 21:50:13.571 ServerApp] 403 GET /api/kernelspecs?1770778213562 (@10.1.38.7) 0.53ms referer=None
[I 2026-02-10 21:50:13.599 ServerApp] 302 GET / (@10.1.38.7) 0.25ms
[I 2026-02-10 21:50:13.600 ServerApp] 302 GET / (@10.1.38.7) 0.23ms
[I 2026-02-10 21:50:13.789 LabApp] 302 GET /lab? (@10.1.38.7) 0.41ms
[I 2026-02-10 21:50:13.790 LabApp] 302 GET /lab? (@10.1.38.7) 0.29ms
[W 2026-02-10 21:50:13.833 ServerApp] wrote error: 'Forbidden'
    Traceback (most recent call last):
      File "/orcd/software/core/001/pkg/miniforge/24.3.0-0/lib/python3.10/site-packages/tornado/web.py", line 1788, in _execute
        result = method(*self.path_args, **self.path_kwargs)
      File "/orcd/software/core/001/pkg/miniforge/24.3.0-0/lib/python3.10/site-packages/tornado/web.py", line 3289, in wrapper
        url = self.get_login_url()
      File "/orcd/software/core/001/pkg/miniforge/24.3.0-0/lib/python3.10/site-packages/jupyter_server/base/handlers.py", line 784, in get_login_url
        raise web.HTTPError(403)
    tornado.web.HTTPError: HTTP 403: Forbidden
[W 2026-02-10 21:50:13.833 ServerApp] 403 GET /api/kernelspecs?1770778213830 (@10.1.38.7) 0.63ms referer=None
[W 2026-02-10 21:50:13.860 ServerApp] wrote error: 'Forbidden'
    Traceback (most recent call last):
      File "/orcd/software/core/001/pkg/miniforge/24.3.0-0/lib/python3.10/site-packages/tornado/web.py", line 1788, in _execute
        result = method(*self.path_args, **self.path_kwargs)
      File "/orcd/software/core/001/pkg/miniforge/24.3.0-0/lib/python3.10/site-packages/tornado/web.py", line 3289, in wrapper
        url = self.get_login_url()
      File "/orcd/software/core/001/pkg/miniforge/24.3.0-0/lib/python3.10/site-packages/jupyter_server/base/handlers.py", line 784, in get_login_url
        raise web.HTTPError(403)
    tornado.web.HTTPError: HTTP 403: Forbidden
[W 2026-02-10 21:50:13.860 ServerApp] 403 GET /api/kernelspecs?1770778213857 (@10.1.38.7) 0.67ms referer=None
[W 2026-02-10 21:50:13.864 ServerApp] wrote error: 'Forbidden'
    Traceback (most recent call last):
      File "/orcd/software/core/001/pkg/miniforge/24.3.0-0/lib/python3.10/site-packages/tornado/web.py", line 1788, in _execute
        result = method(*self.path_args, **self.path_kwargs)
      File "/orcd/software/core/001/pkg/miniforge/24.3.0-0/lib/python3.10/site-packages/tornado/web.py", line 3289, in wrapper
        url = self.get_login_url()
      File "/orcd/software/core/001/pkg/miniforge/24.3.0-0/lib/python3.10/site-packages/jupyter_server/base/handlers.py", line 784, in get_login_url
        raise web.HTTPError(403)
    tornado.web.HTTPError: HTTP 403: Forbidden
[W 2026-02-10 21:50:13.864 ServerApp] 403 GET /api/kernels?1770778213831 (@10.1.38.7) 0.57ms referer=None
[W 2026-02-10 21:50:13.865 ServerApp] wrote error: 'Forbidden'
    Traceback (most recent call last):
      File "/orcd/software/core/001/pkg/miniforge/24.3.0-0/lib/python3.10/site-packages/tornado/web.py", line 1788, in _execute
        result = method(*self.path_args, **self.path_kwargs)
      File "/orcd/software/core/001/pkg/miniforge/24.3.0-0/lib/python3.10/site-packages/tornado/web.py", line 3289, in wrapper
        url = self.get_login_url()
      File "/orcd/software/core/001/pkg/miniforge/24.3.0-0/lib/python3.10/site-packages/jupyter_server/base/handlers.py", line 784, in get_login_url
        raise web.HTTPError(403)
    tornado.web.HTTPError: HTTP 403: Forbidden
[W 2026-02-10 21:50:13.865 ServerApp] 403 GET /api/kernels?1770778213833 (@10.1.38.7) 0.64ms referer=None
[W 2026-02-10 21:50:13.911 ServerApp] wrote error: 'Forbidden'
    Traceback (most recent call last):
      File "/orcd/software/core/001/pkg/miniforge/24.3.0-0/lib/python3.10/site-packages/tornado/web.py", line 1788, in _execute
        result = method(*self.path_args, **self.path_kwargs)
      File "/orcd/software/core/001/pkg/miniforge/24.3.0-0/lib/python3.10/site-packages/tornado/web.py", line 3289, in wrapper
        url = self.get_login_url()
      File "/orcd/software/core/001/pkg/miniforge/24.3.0-0/lib/python3.10/site-packages/jupyter_server/base/handlers.py", line 784, in get_login_url
        raise web.HTTPError(403)
    tornado.web.HTTPError: HTTP 403: Forbidden
[W 2026-02-10 21:50:13.912 ServerApp] 403 GET /api/sessions?1770778213834 (@10.1.38.7) 0.61ms referer=None
[W 2026-02-10 21:50:13.912 ServerApp] wrote error: 'Forbidden'
    Traceback (most recent call last):
      File "/orcd/software/core/001/pkg/miniforge/24.3.0-0/lib/python3.10/site-packages/tornado/web.py", line 1788, in _execute
        result = method(*self.path_args, **self.path_kwargs)
      File "/orcd/software/core/001/pkg/miniforge/24.3.0-0/lib/python3.10/site-packages/tornado/web.py", line 3289, in wrapper
        url = self.get_login_url()
      File "/orcd/software/core/001/pkg/miniforge/24.3.0-0/lib/python3.10/site-packages/jupyter_server/base/handlers.py", line 784, in get_login_url
        raise web.HTTPError(403)
    tornado.web.HTTPError: HTTP 403: Forbidden
[W 2026-02-10 21:50:13.912 ServerApp] 403 GET /api/kernels?1770778213858 (@10.1.38.7) 0.57ms referer=None
[W 2026-02-10 21:50:13.913 ServerApp] wrote error: 'Forbidden'
    Traceback (most recent call last):
      File "/orcd/software/core/001/pkg/miniforge/24.3.0-0/lib/python3.10/site-packages/tornado/web.py", line 1788, in _execute
        result = method(*self.path_args, **self.path_kwargs)
      File "/orcd/software/core/001/pkg/miniforge/24.3.0-0/lib/python3.10/site-packages/tornado/web.py", line 3289, in wrapper
        url = self.get_login_url()
      File "/orcd/software/core/001/pkg/miniforge/24.3.0-0/lib/python3.10/site-packages/jupyter_server/base/handlers.py", line 784, in get_login_url
        raise web.HTTPError(403)
    tornado.web.HTTPError: HTTP 403: Forbidden
[W 2026-02-10 21:50:13.913 ServerApp] 403 GET /api/kernelspecs?1770778213860 (@10.1.38.7) 0.55ms referer=None
[W 2026-02-10 21:50:13.914 ServerApp] wrote error: 'Forbidden'
    Traceback (most recent call last):
      File "/orcd/software/core/001/pkg/miniforge/24.3.0-0/lib/python3.10/site-packages/tornado/web.py", line 1788, in _execute
        result = method(*self.path_args, **self.path_kwargs)
      File "/orcd/software/core/001/pkg/miniforge/24.3.0-0/lib/python3.10/site-packages/tornado/web.py", line 3289, in wrapper
        url = self.get_login_url()
      File "/orcd/software/core/001/pkg/miniforge/24.3.0-0/lib/python3.10/site-packages/jupyter_server/base/handlers.py", line 784, in get_login_url
        raise web.HTTPError(403)
    tornado.web.HTTPError: HTTP 403: Forbidden
[W 2026-02-10 21:50:13.915 ServerApp] 403 GET /api/kernels?1770778213860 (@10.1.38.7) 0.52ms referer=None
[W 2026-02-10 21:50:13.915 ServerApp] wrote error: 'Forbidden'
    Traceback (most recent call last):
      File "/orcd/software/core/001/pkg/miniforge/24.3.0-0/lib/python3.10/site-packages/tornado/web.py", line 1788, in _execute
        result = method(*self.path_args, **self.path_kwargs)
      File "/orcd/software/core/001/pkg/miniforge/24.3.0-0/lib/python3.10/site-packages/tornado/web.py", line 3289, in wrapper
        url = self.get_login_url()
      File "/orcd/software/core/001/pkg/miniforge/24.3.0-0/lib/python3.10/site-packages/jupyter_server/base/handlers.py", line 784, in get_login_url
        raise web.HTTPError(403)
    tornado.web.HTTPError: HTTP 403: Forbidden
[W 2026-02-10 21:50:13.915 ServerApp] 403 GET /api/sessions?1770778213861 (@10.1.38.7) 0.52ms referer=None
[W 2026-02-10 21:50:13.917 ServerApp] wrote error: 'Forbidden'
    Traceback (most recent call last):
      File "/orcd/software/core/001/pkg/miniforge/24.3.0-0/lib/python3.10/site-packages/tornado/web.py", line 1788, in _execute
        result = method(*self.path_args, **self.path_kwargs)
      File "/orcd/software/core/001/pkg/miniforge/24.3.0-0/lib/python3.10/site-packages/tornado/web.py", line 3289, in wrapper
        url = self.get_login_url()
      File "/orcd/software/core/001/pkg/miniforge/24.3.0-0/lib/python3.10/site-packages/jupyter_server/base/handlers.py", line 784, in get_login_url
        raise web.HTTPError(403)
    tornado.web.HTTPError: HTTP 403: Forbidden
[W 2026-02-10 21:50:13.918 ServerApp] 403 GET /api/kernelspecs?1770778213911 (@10.1.38.7) 0.52ms referer=None
[I 2026-02-11 02:31:18.152 ServerApp] Starting buffering for e82cbfb4-c972-4656-86a8-a9531cf274cf:f0e48bcf-bf85-4263-a811-18b95677bd91
[I 2026-02-11 22:01:15.747 ServerApp] 302 GET / (@10.1.38.7) 0.54ms
[I 2026-02-11 22:01:15.917 LabApp] 302 GET /lab? (@10.1.38.7) 0.67ms
[I 2026-02-11 22:01:16.375 ServerApp] 302 GET / (@10.1.38.7) 0.31ms
[I 2026-02-11 22:01:16.600 ServerApp] 302 GET / (@10.1.38.7) 0.34ms
[I 2026-02-11 22:01:16.600 LabApp] 302 GET /lab? (@10.1.38.7) 0.34ms
[I 2026-02-11 22:01:16.640 LabApp] 302 GET /lab? (@10.1.38.7) 0.23ms
[W 2026-02-11 22:01:16.801 ServerApp] wrote error: 'Forbidden'
    Traceback (most recent call last):
      File "/orcd/software/core/001/pkg/miniforge/24.3.0-0/lib/python3.10/site-packages/tornado/web.py", line 1788, in _execute
        result = method(*self.path_args, **self.path_kwargs)
      File "/orcd/software/core/001/pkg/miniforge/24.3.0-0/lib/python3.10/site-packages/tornado/web.py", line 3289, in wrapper
        url = self.get_login_url()
      File "/orcd/software/core/001/pkg/miniforge/24.3.0-0/lib/python3.10/site-packages/jupyter_server/base/handlers.py", line 784, in get_login_url
        raise web.HTTPError(403)
    tornado.web.HTTPError: HTTP 403: Forbidden
[W 2026-02-11 22:01:16.802 ServerApp] 403 GET /api/kernelspecs?1770865276798 (@10.1.38.7) 1.31ms referer=None
[W 2026-02-11 22:01:16.807 ServerApp] wrote error: 'Forbidden'
    Traceback (most recent call last):
      File "/orcd/software/core/001/pkg/miniforge/24.3.0-0/lib/python3.10/site-packages/tornado/web.py", line 1788, in _execute
        result = method(*self.path_args, **self.path_kwargs)
      File "/orcd/software/core/001/pkg/miniforge/24.3.0-0/lib/python3.10/site-packages/tornado/web.py", line 3289, in wrapper
        url = self.get_login_url()
      File "/orcd/software/core/001/pkg/miniforge/24.3.0-0/lib/python3.10/site-packages/jupyter_server/base/handlers.py", line 784, in get_login_url
        raise web.HTTPError(403)
    tornado.web.HTTPError: HTTP 403: Forbidden
[W 2026-02-11 22:01:16.807 ServerApp] 403 GET /api/kernelspecs?1770865276805 (@10.1.38.7) 0.53ms referer=None
[W 2026-02-11 22:01:17.162 ServerApp] wrote error: 'Forbidden'
    Traceback (most recent call last):
      File "/orcd/software/core/001/pkg/miniforge/24.3.0-0/lib/python3.10/site-packages/tornado/web.py", line 1788, in _execute
        result = method(*self.path_args, **self.path_kwargs)
      File "/orcd/software/core/001/pkg/miniforge/24.3.0-0/lib/python3.10/site-packages/tornado/web.py", line 3289, in wrapper
        url = self.get_login_url()
      File "/orcd/software/core/001/pkg/miniforge/24.3.0-0/lib/python3.10/site-packages/jupyter_server/base/handlers.py", line 784, in get_login_url
        raise web.HTTPError(403)
    tornado.web.HTTPError: HTTP 403: Forbidden
[W 2026-02-11 22:01:17.162 ServerApp] 403 GET /api/kernels?1770865276799 (@10.1.38.7) 0.60ms referer=None
[W 2026-02-11 22:01:17.163 ServerApp] wrote error: 'Forbidden'
    Traceback (most recent call last):
      File "/orcd/software/core/001/pkg/miniforge/24.3.0-0/lib/python3.10/site-packages/tornado/web.py", line 1788, in _execute
        result = method(*self.path_args, **self.path_kwargs)
      File "/orcd/software/core/001/pkg/miniforge/24.3.0-0/lib/python3.10/site-packages/tornado/web.py", line 3289, in wrapper
        url = self.get_login_url()
      File "/orcd/software/core/001/pkg/miniforge/24.3.0-0/lib/python3.10/site-packages/jupyter_server/base/handlers.py", line 784, in get_login_url
        raise web.HTTPError(403)
    tornado.web.HTTPError: HTTP 403: Forbidden
[W 2026-02-11 22:01:17.163 ServerApp] 403 GET /api/kernels?1770865276805 (@10.1.38.7) 0.42ms referer=None
[W 2026-02-11 22:01:17.168 ServerApp] wrote error: 'Forbidden'
    Traceback (most recent call last):
      File "/orcd/software/core/001/pkg/miniforge/24.3.0-0/lib/python3.10/site-packages/tornado/web.py", line 1788, in _execute
        result = method(*self.path_args, **self.path_kwargs)
      File "/orcd/software/core/001/pkg/miniforge/24.3.0-0/lib/python3.10/site-packages/tornado/web.py", line 3289, in wrapper
        url = self.get_login_url()
      File "/orcd/software/core/001/pkg/miniforge/24.3.0-0/lib/python3.10/site-packages/jupyter_server/base/handlers.py", line 784, in get_login_url
        raise web.HTTPError(403)
    tornado.web.HTTPError: HTTP 403: Forbidden
[W 2026-02-11 22:01:17.169 ServerApp] 403 GET /api/kernels?1770865276807 (@10.1.38.7) 0.44ms referer=None
[W 2026-02-11 22:01:17.169 ServerApp] wrote error: 'Forbidden'
    Traceback (most recent call last):
      File "/orcd/software/core/001/pkg/miniforge/24.3.0-0/lib/python3.10/site-packages/tornado/web.py", line 1788, in _execute
        result = method(*self.path_args, **self.path_kwargs)
      File "/orcd/software/core/001/pkg/miniforge/24.3.0-0/lib/python3.10/site-packages/tornado/web.py", line 3289, in wrapper
        url = self.get_login_url()
      File "/orcd/software/core/001/pkg/miniforge/24.3.0-0/lib/python3.10/site-packages/jupyter_server/base/handlers.py", line 784, in get_login_url
        raise web.HTTPError(403)
    tornado.web.HTTPError: HTTP 403: Forbidden
[W 2026-02-11 22:01:17.169 ServerApp] 403 GET /api/sessions?1770865276812 (@10.1.38.7) 0.46ms referer=None
[W 2026-02-11 22:01:17.170 ServerApp] wrote error: 'Forbidden'
    Traceback (most recent call last):
      File "/orcd/software/core/001/pkg/miniforge/24.3.0-0/lib/python3.10/site-packages/tornado/web.py", line 1788, in _execute
        result = method(*self.path_args, **self.path_kwargs)
      File "/orcd/software/core/001/pkg/miniforge/24.3.0-0/lib/python3.10/site-packages/tornado/web.py", line 3289, in wrapper
        url = self.get_login_url()
      File "/orcd/software/core/001/pkg/miniforge/24.3.0-0/lib/python3.10/site-packages/jupyter_server/base/handlers.py", line 784, in get_login_url
        raise web.HTTPError(403)
    tornado.web.HTTPError: HTTP 403: Forbidden
[W 2026-02-11 22:01:17.170 ServerApp] 403 GET /api/kernels?1770865276813 (@10.1.38.7) 0.44ms referer=None
[W 2026-02-11 22:01:17.170 ServerApp] wrote error: 'Forbidden'
    Traceback (most recent call last):
      File "/orcd/software/core/001/pkg/miniforge/24.3.0-0/lib/python3.10/site-packages/tornado/web.py", line 1788, in _execute
        result = method(*self.path_args, **self.path_kwargs)
      File "/orcd/software/core/001/pkg/miniforge/24.3.0-0/lib/python3.10/site-packages/tornado/web.py", line 3289, in wrapper
        url = self.get_login_url()
      File "/orcd/software/core/001/pkg/miniforge/24.3.0-0/lib/python3.10/site-packages/jupyter_server/base/handlers.py", line 784, in get_login_url
        raise web.HTTPError(403)
    tornado.web.HTTPError: HTTP 403: Forbidden
[W 2026-02-11 22:01:17.170 ServerApp] 403 GET /api/sessions?1770865276814 (@10.1.38.7) 0.44ms referer=None
[W 2026-02-11 22:01:17.174 ServerApp] wrote error: 'Forbidden'
    Traceback (most recent call last):
      File "/orcd/software/core/001/pkg/miniforge/24.3.0-0/lib/python3.10/site-packages/tornado/web.py", line 1788, in _execute
        result = method(*self.path_args, **self.path_kwargs)
      File "/orcd/software/core/001/pkg/miniforge/24.3.0-0/lib/python3.10/site-packages/tornado/web.py", line 3289, in wrapper
        url = self.get_login_url()
      File "/orcd/software/core/001/pkg/miniforge/24.3.0-0/lib/python3.10/site-packages/jupyter_server/base/handlers.py", line 784, in get_login_url
        raise web.HTTPError(403)
    tornado.web.HTTPError: HTTP 403: Forbidden
[W 2026-02-11 22:01:17.174 ServerApp] 403 GET /api/kernelspecs?1770865276872 (@10.1.38.7) 0.42ms referer=None
[W 2026-02-11 22:01:17.175 ServerApp] wrote error: 'Forbidden'
    Traceback (most recent call last):
      File "/orcd/software/core/001/pkg/miniforge/24.3.0-0/lib/python3.10/site-packages/tornado/web.py", line 1788, in _execute
        result = method(*self.path_args, **self.path_kwargs)
      File "/orcd/software/core/001/pkg/miniforge/24.3.0-0/lib/python3.10/site-packages/tornado/web.py", line 3289, in wrapper
        url = self.get_login_url()
      File "/orcd/software/core/001/pkg/miniforge/24.3.0-0/lib/python3.10/site-packages/jupyter_server/base/handlers.py", line 784, in get_login_url
        raise web.HTTPError(403)
    tornado.web.HTTPError: HTTP 403: Forbidden
[W 2026-02-11 22:01:17.175 ServerApp] 403 GET /api/kernelspecs?1770865276974 (@10.1.38.7) 0.40ms referer=None
[I 2026-02-11 22:01:17.736 ServerApp] 302 GET / (@10.1.38.7) 0.34ms
[I 2026-02-11 22:01:17.736 ServerApp] 302 GET / (@10.1.38.7) 0.17ms
[I 2026-02-11 22:01:17.908 LabApp] 302 GET /lab? (@10.1.38.7) 0.44ms
[I 2026-02-11 22:01:17.909 LabApp] 302 GET /lab? (@10.1.38.7) 0.47ms
[W 2026-02-11 22:01:18.046 ServerApp] wrote error: 'Forbidden'
    Traceback (most recent call last):
      File "/orcd/software/core/001/pkg/miniforge/24.3.0-0/lib/python3.10/site-packages/tornado/web.py", line 1788, in _execute
        result = method(*self.path_args, **self.path_kwargs)
      File "/orcd/software/core/001/pkg/miniforge/24.3.0-0/lib/python3.10/site-packages/tornado/web.py", line 3289, in wrapper
        url = self.get_login_url()
      File "/orcd/software/core/001/pkg/miniforge/24.3.0-0/lib/python3.10/site-packages/jupyter_server/base/handlers.py", line 784, in get_login_url
        raise web.HTTPError(403)
    tornado.web.HTTPError: HTTP 403: Forbidden
[W 2026-02-11 22:01:18.046 ServerApp] 403 GET /api/kernelspecs?1770865278044 (@10.1.38.7) 0.43ms referer=None
[W 2026-02-11 22:01:18.049 ServerApp] wrote error: 'Forbidden'
    Traceback (most recent call last):
      File "/orcd/software/core/001/pkg/miniforge/24.3.0-0/lib/python3.10/site-packages/tornado/web.py", line 1788, in _execute
        result = method(*self.path_args, **self.path_kwargs)
      File "/orcd/software/core/001/pkg/miniforge/24.3.0-0/lib/python3.10/site-packages/tornado/web.py", line 3289, in wrapper
        url = self.get_login_url()
      File "/orcd/software/core/001/pkg/miniforge/24.3.0-0/lib/python3.10/site-packages/jupyter_server/base/handlers.py", line 784, in get_login_url
        raise web.HTTPError(403)
    tornado.web.HTTPError: HTTP 403: Forbidden
[W 2026-02-11 22:01:18.049 ServerApp] 403 GET /api/kernelspecs?1770865278046 (@10.1.38.7) 0.72ms referer=None
[W 2026-02-11 22:01:18.088 ServerApp] wrote error: 'Forbidden'
    Traceback (most recent call last):
      File "/orcd/software/core/001/pkg/miniforge/24.3.0-0/lib/python3.10/site-packages/tornado/web.py", line 1788, in _execute
        result = method(*self.path_args, **self.path_kwargs)
      File "/orcd/software/core/001/pkg/miniforge/24.3.0-0/lib/python3.10/site-packages/tornado/web.py", line 3289, in wrapper
        url = self.get_login_url()
      File "/orcd/software/core/001/pkg/miniforge/24.3.0-0/lib/python3.10/site-packages/jupyter_server/base/handlers.py", line 784, in get_login_url
        raise web.HTTPError(403)
    tornado.web.HTTPError: HTTP 403: Forbidden
[W 2026-02-11 22:01:18.088 ServerApp] 403 GET /api/kernels?1770865278045 (@10.1.38.7) 0.78ms referer=None
[W 2026-02-11 22:01:18.088 ServerApp] wrote error: 'Forbidden'
    Traceback (most recent call last):
      File "/orcd/software/core/001/pkg/miniforge/24.3.0-0/lib/python3.10/site-packages/tornado/web.py", line 1788, in _execute
        result = method(*self.path_args, **self.path_kwargs)
      File "/orcd/software/core/001/pkg/miniforge/24.3.0-0/lib/python3.10/site-packages/tornado/web.py", line 3289, in wrapper
        url = self.get_login_url()
      File "/orcd/software/core/001/pkg/miniforge/24.3.0-0/lib/python3.10/site-packages/jupyter_server/base/handlers.py", line 784, in get_login_url
        raise web.HTTPError(403)
    tornado.web.HTTPError: HTTP 403: Forbidden
[W 2026-02-11 22:01:18.089 ServerApp] 403 GET /api/kernels?1770865278047 (@10.1.38.7) 0.40ms referer=None
[W 2026-02-11 22:01:18.093 ServerApp] wrote error: 'Forbidden'
    Traceback (most recent call last):
      File "/orcd/software/core/001/pkg/miniforge/24.3.0-0/lib/python3.10/site-packages/tornado/web.py", line 1788, in _execute
        result = method(*self.path_args, **self.path_kwargs)
      File "/orcd/software/core/001/pkg/miniforge/24.3.0-0/lib/python3.10/site-packages/tornado/web.py", line 3289, in wrapper
        url = self.get_login_url()
      File "/orcd/software/core/001/pkg/miniforge/24.3.0-0/lib/python3.10/site-packages/jupyter_server/base/handlers.py", line 784, in get_login_url
        raise web.HTTPError(403)
    tornado.web.HTTPError: HTTP 403: Forbidden
[W 2026-02-11 22:01:18.093 ServerApp] 403 GET /api/kernels?1770865278052 (@10.1.38.7) 0.71ms referer=None
[W 2026-02-11 22:01:18.094 ServerApp] wrote error: 'Forbidden'
    Traceback (most recent call last):
      File "/orcd/software/core/001/pkg/miniforge/24.3.0-0/lib/python3.10/site-packages/tornado/web.py", line 1788, in _execute
        result = method(*self.path_args, **self.path_kwargs)
      File "/orcd/software/core/001/pkg/miniforge/24.3.0-0/lib/python3.10/site-packages/tornado/web.py", line 3289, in wrapper
        url = self.get_login_url()
      File "/orcd/software/core/001/pkg/miniforge/24.3.0-0/lib/python3.10/site-packages/jupyter_server/base/handlers.py", line 784, in get_login_url
        raise web.HTTPError(403)
    tornado.web.HTTPError: HTTP 403: Forbidden
[W 2026-02-11 22:01:18.094 ServerApp] 403 GET /api/sessions?1770865278054 (@10.1.38.7) 0.44ms referer=None
[W 2026-02-11 22:01:18.094 ServerApp] wrote error: 'Forbidden'
    Traceback (most recent call last):
      File "/orcd/software/core/001/pkg/miniforge/24.3.0-0/lib/python3.10/site-packages/tornado/web.py", line 1788, in _execute
        result = method(*self.path_args, **self.path_kwargs)
      File "/orcd/software/core/001/pkg/miniforge/24.3.0-0/lib/python3.10/site-packages/tornado/web.py", line 3289, in wrapper
        url = self.get_login_url()
      File "/orcd/software/core/001/pkg/miniforge/24.3.0-0/lib/python3.10/site-packages/jupyter_server/base/handlers.py", line 784, in get_login_url
        raise web.HTTPError(403)
    tornado.web.HTTPError: HTTP 403: Forbidden
[W 2026-02-11 22:01:18.094 ServerApp] 403 GET /api/sessions?1770865278056 (@10.1.38.7) 0.44ms referer=None
[W 2026-02-11 22:01:18.095 ServerApp] wrote error: 'Forbidden'
    Traceback (most recent call last):
      File "/orcd/software/core/001/pkg/miniforge/24.3.0-0/lib/python3.10/site-packages/tornado/web.py", line 1788, in _execute
        result = method(*self.path_args, **self.path_kwargs)
      File "/orcd/software/core/001/pkg/miniforge/24.3.0-0/lib/python3.10/site-packages/tornado/web.py", line 3289, in wrapper
        url = self.get_login_url()
      File "/orcd/software/core/001/pkg/miniforge/24.3.0-0/lib/python3.10/site-packages/jupyter_server/base/handlers.py", line 784, in get_login_url
        raise web.HTTPError(403)
    tornado.web.HTTPError: HTTP 403: Forbidden
[W 2026-02-11 22:01:18.095 ServerApp] 403 GET /api/kernels?1770865278055 (@10.1.38.7) 0.43ms referer=None
[W 2026-02-11 22:01:18.097 ServerApp] wrote error: 'Forbidden'
    Traceback (most recent call last):
      File "/orcd/software/core/001/pkg/miniforge/24.3.0-0/lib/python3.10/site-packages/tornado/web.py", line 1788, in _execute
        result = method(*self.path_args, **self.path_kwargs)
      File "/orcd/software/core/001/pkg/miniforge/24.3.0-0/lib/python3.10/site-packages/tornado/web.py", line 3289, in wrapper
        url = self.get_login_url()
      File "/orcd/software/core/001/pkg/miniforge/24.3.0-0/lib/python3.10/site-packages/jupyter_server/base/handlers.py", line 784, in get_login_url
        raise web.HTTPError(403)
    tornado.web.HTTPError: HTTP 403: Forbidden
[W 2026-02-11 22:01:18.098 ServerApp] 403 GET /api/kernelspecs?1770865278063 (@10.1.38.7) 0.40ms referer=None
[W 2026-02-11 22:01:18.098 ServerApp] wrote error: 'Forbidden'
    Traceback (most recent call last):
      File "/orcd/software/core/001/pkg/miniforge/24.3.0-0/lib/python3.10/site-packages/tornado/web.py", line 1788, in _execute
        result = method(*self.path_args, **self.path_kwargs)
      File "/orcd/software/core/001/pkg/miniforge/24.3.0-0/lib/python3.10/site-packages/tornado/web.py", line 3289, in wrapper
        url = self.get_login_url()
      File "/orcd/software/core/001/pkg/miniforge/24.3.0-0/lib/python3.10/site-packages/jupyter_server/base/handlers.py", line 784, in get_login_url
        raise web.HTTPError(403)
    tornado.web.HTTPError: HTTP 403: Forbidden
[W 2026-02-11 22:01:18.098 ServerApp] 403 GET /api/kernelspecs?1770865278064 (@10.1.38.7) 0.40ms referer=None
[I 2026-02-11 22:01:20.912 ServerApp] 302 GET / (@10.1.38.7) 0.47ms
[I 2026-02-11 22:01:20.915 LabApp] 302 GET /lab? (@10.1.38.7) 0.29ms
[I 2026-02-11 22:01:20.946 ServerApp] Connecting to kernel e82cbfb4-c972-4656-86a8-a9531cf274cf.
[I 2026-02-11 22:01:21.075 ServerApp] 302 GET / (@10.1.38.7) 0.18ms
[I 2026-02-11 22:01:21.075 ServerApp] 302 GET / (@10.1.38.7) 0.18ms
[I 2026-02-11 22:01:21.152 LabApp] 302 GET /lab? (@10.1.38.7) 0.35ms
[I 2026-02-11 22:01:21.154 LabApp] 302 GET /lab? (@10.1.38.7) 0.22ms
[W 2026-02-11 22:01:21.297 ServerApp] wrote error: 'Forbidden'
    Traceback (most recent call last):
      File "/orcd/software/core/001/pkg/miniforge/24.3.0-0/lib/python3.10/site-packages/tornado/web.py", line 1788, in _execute
        result = method(*self.path_args, **self.path_kwargs)
      File "/orcd/software/core/001/pkg/miniforge/24.3.0-0/lib/python3.10/site-packages/tornado/web.py", line 3289, in wrapper
        url = self.get_login_url()
      File "/orcd/software/core/001/pkg/miniforge/24.3.0-0/lib/python3.10/site-packages/jupyter_server/base/handlers.py", line 784, in get_login_url
        raise web.HTTPError(403)
    tornado.web.HTTPError: HTTP 403: Forbidden
[W 2026-02-11 22:01:21.298 ServerApp] 403 GET /api/kernelspecs?1770865281294 (@10.1.38.7) 1.07ms referer=None
[W 2026-02-11 22:01:21.299 ServerApp] wrote error: 'Forbidden'
    Traceback (most recent call last):
      File "/orcd/software/core/001/pkg/miniforge/24.3.0-0/lib/python3.10/site-packages/tornado/web.py", line 1788, in _execute
        result = method(*self.path_args, **self.path_kwargs)
      File "/orcd/software/core/001/pkg/miniforge/24.3.0-0/lib/python3.10/site-packages/tornado/web.py", line 3289, in wrapper
        url = self.get_login_url()
      File "/orcd/software/core/001/pkg/miniforge/24.3.0-0/lib/python3.10/site-packages/jupyter_server/base/handlers.py", line 784, in get_login_url
        raise web.HTTPError(403)
    tornado.web.HTTPError: HTTP 403: Forbidden
[W 2026-02-11 22:01:21.300 ServerApp] 403 GET /api/kernelspecs?1770865281298 (@10.1.38.7) 0.43ms referer=None
[W 2026-02-11 22:01:21.379 ServerApp] wrote error: 'Forbidden'
    Traceback (most recent call last):
      File "/orcd/software/core/001/pkg/miniforge/24.3.0-0/lib/python3.10/site-packages/tornado/web.py", line 1788, in _execute
        result = method(*self.path_args, **self.path_kwargs)
      File "/orcd/software/core/001/pkg/miniforge/24.3.0-0/lib/python3.10/site-packages/tornado/web.py", line 3289, in wrapper
        url = self.get_login_url()
      File "/orcd/software/core/001/pkg/miniforge/24.3.0-0/lib/python3.10/site-packages/jupyter_server/base/handlers.py", line 784, in get_login_url
        raise web.HTTPError(403)
    tornado.web.HTTPError: HTTP 403: Forbidden
[W 2026-02-11 22:01:21.379 ServerApp] 403 GET /api/kernels?1770865281295 (@10.1.38.7) 0.48ms referer=None
[W 2026-02-11 22:01:21.379 ServerApp] wrote error: 'Forbidden'
    Traceback (most recent call last):
      File "/orcd/software/core/001/pkg/miniforge/24.3.0-0/lib/python3.10/site-packages/tornado/web.py", line 1788, in _execute
        result = method(*self.path_args, **self.path_kwargs)
      File "/orcd/software/core/001/pkg/miniforge/24.3.0-0/lib/python3.10/site-packages/tornado/web.py", line 3289, in wrapper
        url = self.get_login_url()
      File "/orcd/software/core/001/pkg/miniforge/24.3.0-0/lib/python3.10/site-packages/jupyter_server/base/handlers.py", line 784, in get_login_url
        raise web.HTTPError(403)
    tornado.web.HTTPError: HTTP 403: Forbidden
[W 2026-02-11 22:01:21.380 ServerApp] 403 GET /api/kernels?1770865281298 (@10.1.38.7) 0.45ms referer=None
[W 2026-02-11 22:01:21.392 ServerApp] wrote error: 'Forbidden'
    Traceback (most recent call last):
      File "/orcd/software/core/001/pkg/miniforge/24.3.0-0/lib/python3.10/site-packages/tornado/web.py", line 1788, in _execute
        result = method(*self.path_args, **self.path_kwargs)
      File "/orcd/software/core/001/pkg/miniforge/24.3.0-0/lib/python3.10/site-packages/tornado/web.py", line 3289, in wrapper
        url = self.get_login_url()
      File "/orcd/software/core/001/pkg/miniforge/24.3.0-0/lib/python3.10/site-packages/jupyter_server/base/handlers.py", line 784, in get_login_url
        raise web.HTTPError(403)
    tornado.web.HTTPError: HTTP 403: Forbidden
[W 2026-02-11 22:01:21.392 ServerApp] 403 GET /api/kernels?1770865281322 (@10.1.38.7) 0.45ms referer=None
[W 2026-02-11 22:01:21.393 ServerApp] wrote error: 'Forbidden'
    Traceback (most recent call last):
      File "/orcd/software/core/001/pkg/miniforge/24.3.0-0/lib/python3.10/site-packages/tornado/web.py", line 1788, in _execute
        result = method(*self.path_args, **self.path_kwargs)
      File "/orcd/software/core/001/pkg/miniforge/24.3.0-0/lib/python3.10/site-packages/tornado/web.py", line 3289, in wrapper
        url = self.get_login_url()
      File "/orcd/software/core/001/pkg/miniforge/24.3.0-0/lib/python3.10/site-packages/jupyter_server/base/handlers.py", line 784, in get_login_url
        raise web.HTTPError(403)
    tornado.web.HTTPError: HTTP 403: Forbidden
[W 2026-02-11 22:01:21.393 ServerApp] 403 GET /api/sessions?1770865281323 (@10.1.38.7) 0.45ms referer=None
[W 2026-02-11 22:01:21.393 ServerApp] wrote error: 'Forbidden'
    Traceback (most recent call last):
      File "/orcd/software/core/001/pkg/miniforge/24.3.0-0/lib/python3.10/site-packages/tornado/web.py", line 1788, in _execute
        result = method(*self.path_args, **self.path_kwargs)
      File "/orcd/software/core/001/pkg/miniforge/24.3.0-0/lib/python3.10/site-packages/tornado/web.py", line 3289, in wrapper
        url = self.get_login_url()
      File "/orcd/software/core/001/pkg/miniforge/24.3.0-0/lib/python3.10/site-packages/jupyter_server/base/handlers.py", line 784, in get_login_url
        raise web.HTTPError(403)
    tornado.web.HTTPError: HTTP 403: Forbidden
[W 2026-02-11 22:01:21.393 ServerApp] 403 GET /api/kernels?1770865281324 (@10.1.38.7) 0.44ms referer=None
[W 2026-02-11 22:01:21.394 ServerApp] wrote error: 'Forbidden'
    Traceback (most recent call last):
      File "/orcd/software/core/001/pkg/miniforge/24.3.0-0/lib/python3.10/site-packages/tornado/web.py", line 1788, in _execute
        result = method(*self.path_args, **self.path_kwargs)
      File "/orcd/software/core/001/pkg/miniforge/24.3.0-0/lib/python3.10/site-packages/tornado/web.py", line 3289, in wrapper
        url = self.get_login_url()
      File "/orcd/software/core/001/pkg/miniforge/24.3.0-0/lib/python3.10/site-packages/jupyter_server/base/handlers.py", line 784, in get_login_url
        raise web.HTTPError(403)
    tornado.web.HTTPError: HTTP 403: Forbidden
[W 2026-02-11 22:01:21.394 ServerApp] 403 GET /api/sessions?1770865281325 (@10.1.38.7) 0.44ms referer=None
[W 2026-02-11 22:01:21.394 ServerApp] wrote error: 'Forbidden'
    Traceback (most recent call last):
      File "/orcd/software/core/001/pkg/miniforge/24.3.0-0/lib/python3.10/site-packages/tornado/web.py", line 1788, in _execute
        result = method(*self.path_args, **self.path_kwargs)
      File "/orcd/software/core/001/pkg/miniforge/24.3.0-0/lib/python3.10/site-packages/tornado/web.py", line 3289, in wrapper
        url = self.get_login_url()
      File "/orcd/software/core/001/pkg/miniforge/24.3.0-0/lib/python3.10/site-packages/jupyter_server/base/handlers.py", line 784, in get_login_url
        raise web.HTTPError(403)
    tornado.web.HTTPError: HTTP 403: Forbidden
[W 2026-02-11 22:01:21.395 ServerApp] 403 GET /api/kernelspecs?1770865281365 (@10.1.38.7) 0.53ms referer=None
[W 2026-02-11 22:01:21.395 ServerApp] wrote error: 'Forbidden'
    Traceback (most recent call last):
      File "/orcd/software/core/001/pkg/miniforge/24.3.0-0/lib/python3.10/site-packages/tornado/web.py", line 1788, in _execute
        result = method(*self.path_args, **self.path_kwargs)
      File "/orcd/software/core/001/pkg/miniforge/24.3.0-0/lib/python3.10/site-packages/tornado/web.py", line 3289, in wrapper
        url = self.get_login_url()
      File "/orcd/software/core/001/pkg/miniforge/24.3.0-0/lib/python3.10/site-packages/jupyter_server/base/handlers.py", line 784, in get_login_url
        raise web.HTTPError(403)
    tornado.web.HTTPError: HTTP 403: Forbidden
[W 2026-02-11 22:01:21.395 ServerApp] 403 GET /api/kernelspecs?1770865281364 (@10.1.38.7) 0.73ms referer=None
[I 2026-02-11 22:01:21.428 ServerApp] 302 GET / (@10.1.38.7) 0.50ms
[I 2026-02-11 22:01:21.428 ServerApp] 302 GET / (@10.1.38.7) 0.54ms
[I 2026-02-11 22:01:21.441 LabApp] 302 GET /lab? (@10.1.38.7) 0.59ms
[I 2026-02-11 22:01:21.441 LabApp] 302 GET /lab? (@10.1.38.7) 0.57ms
[W 2026-02-11 22:01:21.515 ServerApp] wrote error: 'Forbidden'
    Traceback (most recent call last):
      File "/orcd/software/core/001/pkg/miniforge/24.3.0-0/lib/python3.10/site-packages/tornado/web.py", line 1788, in _execute
        result = method(*self.path_args, **self.path_kwargs)
      File "/orcd/software/core/001/pkg/miniforge/24.3.0-0/lib/python3.10/site-packages/tornado/web.py", line 3289, in wrapper
        url = self.get_login_url()
      File "/orcd/software/core/001/pkg/miniforge/24.3.0-0/lib/python3.10/site-packages/jupyter_server/base/handlers.py", line 784, in get_login_url
        raise web.HTTPError(403)
    tornado.web.HTTPError: HTTP 403: Forbidden
[W 2026-02-11 22:01:21.515 ServerApp] 403 GET /api/kernelspecs?1770865281513 (@10.1.38.7) 0.67ms referer=None
[W 2026-02-11 22:01:21.520 ServerApp] wrote error: 'Forbidden'
    Traceback (most recent call last):
      File "/orcd/software/core/001/pkg/miniforge/24.3.0-0/lib/python3.10/site-packages/tornado/web.py", line 1788, in _execute
        result = method(*self.path_args, **self.path_kwargs)
      File "/orcd/software/core/001/pkg/miniforge/24.3.0-0/lib/python3.10/site-packages/tornado/web.py", line 3289, in wrapper
        url = self.get_login_url()
      File "/orcd/software/core/001/pkg/miniforge/24.3.0-0/lib/python3.10/site-packages/jupyter_server/base/handlers.py", line 784, in get_login_url
        raise web.HTTPError(403)
    tornado.web.HTTPError: HTTP 403: Forbidden
[W 2026-02-11 22:01:21.521 ServerApp] 403 GET /api/kernelspecs?1770865281519 (@10.1.38.7) 0.40ms referer=None
[W 2026-02-11 22:01:21.526 ServerApp] wrote error: 'Forbidden'
    Traceback (most recent call last):
      File "/orcd/software/core/001/pkg/miniforge/24.3.0-0/lib/python3.10/site-packages/tornado/web.py", line 1788, in _execute
        result = method(*self.path_args, **self.path_kwargs)
      File "/orcd/software/core/001/pkg/miniforge/24.3.0-0/lib/python3.10/site-packages/tornado/web.py", line 3289, in wrapper
        url = self.get_login_url()
      File "/orcd/software/core/001/pkg/miniforge/24.3.0-0/lib/python3.10/site-packages/jupyter_server/base/handlers.py", line 784, in get_login_url
        raise web.HTTPError(403)
    tornado.web.HTTPError: HTTP 403: Forbidden
[W 2026-02-11 22:01:21.526 ServerApp] 403 GET /api/kernels?1770865281514 (@10.1.38.7) 0.45ms referer=None
[W 2026-02-11 22:01:21.527 ServerApp] wrote error: 'Forbidden'
    Traceback (most recent call last):
      File "/orcd/software/core/001/pkg/miniforge/24.3.0-0/lib/python3.10/site-packages/tornado/web.py", line 1788, in _execute
        result = method(*self.path_args, **self.path_kwargs)
      File "/orcd/software/core/001/pkg/miniforge/24.3.0-0/lib/python3.10/site-packages/tornado/web.py", line 3289, in wrapper
        url = self.get_login_url()
      File "/orcd/software/core/001/pkg/miniforge/24.3.0-0/lib/python3.10/site-packages/jupyter_server/base/handlers.py", line 784, in get_login_url
        raise web.HTTPError(403)
    tornado.web.HTTPError: HTTP 403: Forbidden
[W 2026-02-11 22:01:21.527 ServerApp] 403 GET /api/sessions?1770865281516 (@10.1.38.7) 0.42ms referer=None
[W 2026-02-11 22:01:21.527 ServerApp] wrote error: 'Forbidden'
    Traceback (most recent call last):
      File "/orcd/software/core/001/pkg/miniforge/24.3.0-0/lib/python3.10/site-packages/tornado/web.py", line 1788, in _execute
        result = method(*self.path_args, **self.path_kwargs)
      File "/orcd/software/core/001/pkg/miniforge/24.3.0-0/lib/python3.10/site-packages/tornado/web.py", line 3289, in wrapper
        url = self.get_login_url()
      File "/orcd/software/core/001/pkg/miniforge/24.3.0-0/lib/python3.10/site-packages/jupyter_server/base/handlers.py", line 784, in get_login_url
        raise web.HTTPError(403)
    tornado.web.HTTPError: HTTP 403: Forbidden
[W 2026-02-11 22:01:21.527 ServerApp] 403 GET /api/kernels?1770865281515 (@10.1.38.7) 0.43ms referer=None
[W 2026-02-11 22:01:21.530 ServerApp] wrote error: 'Forbidden'
    Traceback (most recent call last):
      File "/orcd/software/core/001/pkg/miniforge/24.3.0-0/lib/python3.10/site-packages/tornado/web.py", line 1788, in _execute
        result = method(*self.path_args, **self.path_kwargs)
      File "/orcd/software/core/001/pkg/miniforge/24.3.0-0/lib/python3.10/site-packages/tornado/web.py", line 3289, in wrapper
        url = self.get_login_url()
      File "/orcd/software/core/001/pkg/miniforge/24.3.0-0/lib/python3.10/site-packages/jupyter_server/base/handlers.py", line 784, in get_login_url
        raise web.HTTPError(403)
    tornado.web.HTTPError: HTTP 403: Forbidden
[W 2026-02-11 22:01:21.531 ServerApp] 403 GET /api/kernels?1770865281519 (@10.1.38.7) 0.39ms referer=None
[W 2026-02-11 22:01:21.531 ServerApp] wrote error: 'Forbidden'
    Traceback (most recent call last):
      File "/orcd/software/core/001/pkg/miniforge/24.3.0-0/lib/python3.10/site-packages/tornado/web.py", line 1788, in _execute
        result = method(*self.path_args, **self.path_kwargs)
      File "/orcd/software/core/001/pkg/miniforge/24.3.0-0/lib/python3.10/site-packages/tornado/web.py", line 3289, in wrapper
        url = self.get_login_url()
      File "/orcd/software/core/001/pkg/miniforge/24.3.0-0/lib/python3.10/site-packages/jupyter_server/base/handlers.py", line 784, in get_login_url
        raise web.HTTPError(403)
    tornado.web.HTTPError: HTTP 403: Forbidden
[W 2026-02-11 22:01:21.531 ServerApp] 403 GET /api/kernelspecs?1770865281521 (@10.1.38.7) 0.40ms referer=None
[W 2026-02-11 22:01:21.534 ServerApp] wrote error: 'Forbidden'
    Traceback (most recent call last):
      File "/orcd/software/core/001/pkg/miniforge/24.3.0-0/lib/python3.10/site-packages/tornado/web.py", line 1788, in _execute
        result = method(*self.path_args, **self.path_kwargs)
      File "/orcd/software/core/001/pkg/miniforge/24.3.0-0/lib/python3.10/site-packages/tornado/web.py", line 3289, in wrapper
        url = self.get_login_url()
      File "/orcd/software/core/001/pkg/miniforge/24.3.0-0/lib/python3.10/site-packages/jupyter_server/base/handlers.py", line 784, in get_login_url
        raise web.HTTPError(403)
    tornado.web.HTTPError: HTTP 403: Forbidden
[W 2026-02-11 22:01:21.534 ServerApp] 403 GET /api/kernels?1770865281523 (@10.1.38.7) 0.43ms referer=None
[W 2026-02-11 22:01:21.534 ServerApp] wrote error: 'Forbidden'
    Traceback (most recent call last):
      File "/orcd/software/core/001/pkg/miniforge/24.3.0-0/lib/python3.10/site-packages/tornado/web.py", line 1788, in _execute
        result = method(*self.path_args, **self.path_kwargs)
      File "/orcd/software/core/001/pkg/miniforge/24.3.0-0/lib/python3.10/site-packages/tornado/web.py", line 3289, in wrapper
        url = self.get_login_url()
      File "/orcd/software/core/001/pkg/miniforge/24.3.0-0/lib/python3.10/site-packages/jupyter_server/base/handlers.py", line 784, in get_login_url
        raise web.HTTPError(403)
    tornado.web.HTTPError: HTTP 403: Forbidden
[W 2026-02-11 22:01:21.534 ServerApp] 403 GET /api/sessions?1770865281523 (@10.1.38.7) 0.42ms referer=None
[W 2026-02-11 22:01:21.535 ServerApp] wrote error: 'Forbidden'
    Traceback (most recent call last):
      File "/orcd/software/core/001/pkg/miniforge/24.3.0-0/lib/python3.10/site-packages/tornado/web.py", line 1788, in _execute
        result = method(*self.path_args, **self.path_kwargs)
      File "/orcd/software/core/001/pkg/miniforge/24.3.0-0/lib/python3.10/site-packages/tornado/web.py", line 3289, in wrapper
        url = self.get_login_url()
      File "/orcd/software/core/001/pkg/miniforge/24.3.0-0/lib/python3.10/site-packages/jupyter_server/base/handlers.py", line 784, in get_login_url
        raise web.HTTPError(403)
    tornado.web.HTTPError: HTTP 403: Forbidden
[W 2026-02-11 22:01:21.535 ServerApp] 403 GET /api/kernelspecs?1770865281529 (@10.1.38.7) 0.42ms referer=None
[I 2026-02-12 03:43:29.736 ServerApp] Starting buffering for e82cbfb4-c972-4656-86a8-a9531cf274cf:76cd5e83-c36e-43ce-a012-f4f1260c20cd
[2026-02-12T15:01:26.006] error: *** JOB 9077646 ON node3905 CANCELLED AT 2026-02-12T15:01:26 DUE TO TIME LIMIT ***
