{"train/ppo_value_loss":0.00045800243970006704,"goal_validation/success":0.015625,"_runtime":271.281655366,"train/ppo_entropy":0.08095008879899979,"train/success":1,"train/acc":0.7494305239179955,"_timestamp":1.7597440941337726e+09,"goal_validation/acc":0.03885804916732752,"pos_validation/success":0,"_wandb":{"runtime":271},"pos_validation/acc":0.11875,"epoch":100,"train/ppo_total_loss":-0.0023995705414563417,"_step":100,"train/ppo_policy_loss":-0.0018190708942711353}