{"pos_validation/acc":0.1541176865684789,"train/loss":0.28053128719329834,"goal_validation/success":0.078125,"_wandb":{"runtime":2860},"_runtime":2860.178903338,"_timestamp":1.7596343334490242e+09,"train/success":1,"pos_validation/success":0.0625,"_step":500,"goal_validation/acc":0.16304290562143936,"train/acc":0.9048412460144638}