{"_runtime":10232.397863372,"train/ppo_entropy":0.13044655323028564,"train/success":0.97265625,"_wandb":{"runtime":10232},"train/ppo_policy_loss":-0.005500522442162037,"pos_validation/acc":0.11872788370813549,"goal_validation/success":0.0390625,"_step":1000,"train/ppo_value_loss":0.001120734610594809,"pos_validation/success":0.125,"epoch":1000,"train/ppo_total_loss":-0.01015801727771759,"goal_validation/acc":0.12332553139864766,"train/acc":0.6901022950875133,"_timestamp":1.7597551025930758e+09}