{"_step":1000,"_runtime":4184.490762769,"epoch":1000,"pos_validation/acc":0.06803565311715004,"pos_validation/success":0.0625,"goal_validation/success":0.0625,"_wandb":{"runtime":4184},"train/acc":1,"goal_validation/acc":0.06997837314585185,"train/loss":0.002617143327370286,"_timestamp":1.759728151279233e+09,"train/success":1}