{"train/acc":0.7811059907834101,"pos_validation/acc":0.19647577092511012,"train/ppo_total_loss":-0.015967531129717827,"pos_validation/success":0.21875,"train/ppo_value_loss":0.0006237552734091878,"_timestamp":1.7597453415670137e+09,"goal_validation/acc":0.0499603489294211,"_wandb":{"runtime":545},"train/success":1,"train/ppo_policy_loss":-0.007541766855865717,"train/ppo_entropy":0.21844105422496796,"epoch":300,"goal_validation/success":0.015625,"_step":300,"_runtime":545.587052943}